,Experiment,Seed Type,Morphology,Replica,kltd after 1 Labels,kltd after 2 Labels,kltd after 3 Labels,kltd after 4 Labels,kltd after 5 Labels,kltd after 6 Labels,kltd after 7 Labels,kltd after 8 Labels,kltd after 9 Labels,kltd after 10 Labels,kltd after 11 Labels,kltd after 12 Labels,kltd after 13 Labels,kltd after 14 Labels,kltd after 15 Labels,kltd after 16 Labels,kltd after 17 Labels,kltd after 18 Labels,kltd after 19 Labels,kltd after 20 Labels,kltd after 21 Labels,kltd after 22 Labels,kltd after 23 Labels,kltd after 24 Labels,kltd after 25 Labels,kltd after 26 Labels,kltd after 27 Labels,kltd after 28 Labels,kltd after 29 Labels,kltd after 30 Labels,kltd after 31 Labels,kltd after 32 Labels,kltd after 33 Labels,kltd after 34 Labels,kltd after 35 Labels,kltd after 36 Labels,kltd after 37 Labels,kltd after 38 Labels,kltd after 39 Labels,kltd after 40 Labels,kltd after 41 Labels,kltd after 42 Labels,kltd after 43 Labels,kltd after 44 Labels,kltd after 45 Labels,kltd after 46 Labels,kltd after 47 Labels,kltd after 48 Labels,kltd after 49 Labels,kltd after 50 Labels
0,oracle,seeded,liquid,0,,,,,1.0,1.5,2.0,2.5,3.0,3.4,3.8,4.2,4.6,5.0,5.4,5.8,6.2,6.6,7.0,7.4,7.8,8.2,8.6,9.0,9.6,10.2,10.8,11.4,12.0,12.2,12.4,12.6,12.8,13.0,13.0,13.0,13.0,13.0,13.0,13.2,13.4,13.6,13.8,14.0,14.2,14.4,14.6,14.8,15.0,
1,oracle,seeded,liquid,1,,,,,1.0,1.5,2.0,2.5,3.0,3.4,3.8,4.2,4.6,5.0,5.0,5.0,5.0,5.0,5.0,5.0,5.0,5.0,5.0,5.0,5.2,5.4,5.6,5.8,6.0,6.6,7.2,7.8,8.4,9.0,9.6,10.2,10.8,11.4,12.0,12.4,12.8,13.2,13.6,14.0,14.2,14.4,14.6,14.8,15.0,
2,oracle,seeded,liquid,2,,,,,1.0,1.5,2.0,2.5,3.0,3.6,4.2,4.8,5.4,6.0,6.4,6.8,7.2,7.6,8.0,8.4,8.8,9.2,9.6,10.0,10.6,11.2,11.8,12.4,13.0,13.2,13.4,13.6,13.8,14.0,14.0,14.0,14.0,14.0,14.0,14.6,15.2,15.8,16.4,17.0,17.4,17.8,18.2,18.6,19.0,
3,oracle,seeded,liquid,3,,,,,1.0,1.5,2.0,2.5,3.0,3.2,3.4,3.6,3.8,4.0,4.4,4.8,5.2,5.6,6.0,6.2,6.4,6.6,6.8,7.0,7.4,7.8,8.2,8.6,9.0,9.6,10.2,10.8,11.4,12.0,12.2,12.4,12.6,12.8,13.0,13.4,13.8,14.2,14.6,15.0,15.6,16.2,16.8,17.4,18.0,
4,oracle,seeded,liquid,4,,,,,1.0,1.5,2.0,2.5,3.0,3.4,3.8,4.2,4.6,5.0,5.2,5.4,5.6,5.8,6.0,6.0,6.0,6.0,6.0,6.0,6.8,7.6,8.4,9.2,10.0,10.2,10.4,10.6,10.8,11.0,11.8,12.6,13.4,14.2,15.0,15.2,15.4,15.6,15.8,16.0,16.4,16.8,17.2,17.6,18.0,
5,oracle,seeded,string,0,,,,,1.0,1.0,1.0,1.0,1.0,1.2,1.4,1.6,1.8,2.0,2.0,2.0,2.0,2.0,2.0,2.4,2.8,3.2,3.6,4.0,4.2,4.4,4.6,4.8,5.0,5.4,5.8,6.2,6.6,7.0,7.0,7.0,7.0,7.0,7.0,7.2,7.4,7.6,7.8,8.0,8.4,8.8,9.2,9.6,10.0,
6,oracle,seeded,string,1,,,,,1.0,1.0,1.0,1.0,1.0,1.0,1.0,1.0,1.0,1.0,1.2,1.4,1.6,1.8,2.0,2.2,2.4,2.6,2.8,3.0,3.2,3.4,3.6,3.8,4.0,4.4,4.8,5.2,5.6,6.0,6.2,6.4,6.6,6.8,7.0,7.4,7.8,8.2,8.6,9.0,9.2,9.4,9.6,9.8,10.0,
7,oracle,seeded,string,2,,,,,1.0,1.0,1.0,1.0,1.0,1.2,1.4,1.6,1.8,2.0,2.0,2.0,2.0,2.0,2.0,2.2,2.4,2.6,2.8,3.0,3.0,3.0,3.0,3.0,3.0,3.0,3.0,3.0,3.0,3.0,3.0,3.0,3.0,3.0,3.0,3.8,4.6,5.4,6.2,7.0,7.6,8.2,8.8,9.4,10.0,
8,oracle,seeded,string,3,,,,,1.0,1.0,1.0,1.0,1.0,1.0,1.0,1.0,1.0,1.0,1.4,1.8,2.2,2.6,3.0,3.4,3.8,4.2,4.6,5.0,5.2,5.4,5.6,5.8,6.0,6.4,6.8,7.2,7.6,8.0,8.0,8.0,8.0,8.0,8.0,8.6,9.2,9.8,10.4,11.0,11.2,11.4,11.6,11.8,12.0,
9,oracle,seeded,string,4,,,,,1.0,1.0,1.0,1.0,1.0,1.2,1.4,1.6,1.8,2.0,2.0,2.0,2.0,2.0,2.0,2.4,2.8,3.2,3.6,4.0,4.2,4.4,4.6,4.8,5.0,5.4,5.8,6.2,6.6,7.0,7.2,7.4,7.6,7.8,8.0,8.4,8.8,9.2,9.6,10.0,10.4,10.8,11.2,11.6,12.0,
10,oracle,seeded,membrane,0,,,,,1.0,1.25,1.5,1.75,2.0,2.0,2.0,2.0,2.0,2.0,2.4,2.8,3.2,3.6,4.0,4.0,4.0,4.0,4.0,4.0,4.4,4.8,5.2,5.6,6.0,6.0,6.0,6.0,6.0,6.0,6.0,6.0,6.0,6.0,6.0,6.0,6.0,6.0,6.0,6.0,6.4,6.8,7.2,7.6,8.0,
11,oracle,seeded,membrane,1,,,,,2.0,2.3333333333333335,2.6666666666666665,3.0,3.0,3.0,3.0,3.0,3.0,3.0,3.0,3.0,3.0,3.0,3.0,3.0,3.0,3.0,3.0,3.2,3.4,3.6,3.8,4.0,4.4,4.8,5.2,5.6,6.0,6.0,6.0,6.0,6.0,6.0,6.2,6.4,6.6,6.8,7.0,7.0,7.0,7.0,7.0,7.0,7.4,7.8
12,oracle,seeded,membrane,2,,,,,1.0,1.3333333333333333,1.6666666666666665,2.0,2.0,2.0,2.0,2.0,2.0,2.2,2.4,2.6,2.8,3.0,3.0,3.0,3.0,3.0,3.0,3.0,3.0,3.0,3.0,3.0,3.2,3.4,3.6,3.8,4.0,4.0,4.0,4.0,4.0,4.0,4.2,4.4,4.6,4.8,5.0,5.0,5.0,5.0,5.0,5.0,5.0,5.0
13,oracle,seeded,membrane,3,,,,,1.0,1.3333333333333333,1.6666666666666665,2.0,2.0,2.0,2.0,2.0,2.0,2.0,2.0,2.0,2.0,2.0,2.0,2.0,2.0,2.0,2.0,2.0,2.0,2.0,2.0,2.0,2.0,2.0,2.0,2.0,2.0,2.0,2.0,2.0,2.0,2.0,2.0,2.0,2.0,2.0,2.0,2.4,2.8,3.2,3.6,4.0,4.0,4.0
14,oracle,seeded,membrane,4,,,,,1.0,1.25,1.5,1.75,2.0,2.2,2.4,2.6,2.8,3.0,3.2,3.4,3.6,3.8,4.0,4.2,4.4,4.6,4.8,5.0,5.0,5.0,5.0,5.0,5.0,5.2,5.4,5.6,5.8,6.0,6.0,6.0,6.0,6.0,6.0,6.2,6.4,6.6,6.8,7.0,7.2,7.4,7.6,7.8,8.0,
15,oracle,seeded,vesicle,0,,,,,2.0,2.3333333333333335,2.6666666666666665,3.0,3.4,3.8,4.2,4.6,5.0,5.2,5.4,5.6,5.8,6.0,6.4,6.8,7.2,7.6,8.0,8.0,8.0,8.0,8.0,8.0,8.0,8.0,8.0,8.0,8.0,8.0,8.0,8.0,8.0,8.0,8.2,8.4,8.6,8.8,9.0,9.0,9.0,9.0,9.0,9.0,9.2,9.4
16,oracle,seeded,vesicle,1,,,,,1.0,1.0,1.4,1.8,2.2,2.6,3.0,3.0,3.0,3.0,3.0,3.0,3.0,3.0,3.0,3.0,3.0,3.2,3.4,3.6,3.8,4.0,4.6,5.2,5.8,6.4,7.0,7.2,7.4,7.6,7.8,8.0,8.2,8.4,8.6,8.8,9.0,9.2,9.4,9.6,9.8,10.0,10.2,10.4,10.6,10.8
17,oracle,seeded,vesicle,2,,,,,1.0,1.0,1.0,1.0,1.0,1.0,1.0,1.0,1.0,1.0,1.2,1.4,1.6,1.8,2.0,2.2,2.4,2.6,2.8,3.0,3.6,4.2,4.8,5.4,6.0,6.4,6.8,7.2,7.6,8.0,8.0,8.0,8.0,8.0,8.0,8.2,8.4,8.6,8.8,9.0,9.0,9.0,9.0,9.0,9.0,
18,oracle,seeded,vesicle,3,,,,,1.0,1.5,2.0,2.25,2.5,2.75,3.0,3.2,3.4,3.6,3.8,4.0,4.0,4.0,4.0,4.0,4.0,4.2,4.4,4.6,4.8,5.0,5.0,5.0,5.0,5.0,5.0,5.2,5.4,5.6,5.8,6.0,6.2,6.4,6.6,6.8,7.0,7.2,7.4,7.6,7.8,8.0,8.2,8.4,8.6,8.8
19,oracle,seeded,vesicle,4,,,,,1.0,1.0,1.0,1.0,1.0,1.0,1.0,1.3333333333333333,1.6666666666666665,2.0,2.0,2.0,2.0,2.0,2.0,2.2,2.4,2.6,2.8,3.0,3.2,3.4,3.6,3.8,4.0,4.4,4.8,5.2,5.6,6.0,6.4,6.8,7.2,7.6,8.0,8.2,8.4,8.6,8.8,9.0,9.4,9.8,10.2,10.6,11.0,
20,oracle,seeded,wormlike micelle,0,,,,,1.0,1.0,1.0,1.0,1.0,1.2,1.4,1.6,1.8,2.0,2.4,2.8,3.2,3.6,4.0,4.2,4.4,4.6,4.8,5.0,5.2,5.4,5.6,5.8,6.0,6.4,6.8,7.2,7.6,8.0,8.0,8.0,8.0,8.0,8.0,8.2,8.4,8.6,8.8,9.0,9.2,9.4,9.6,9.8,10.0,
21,oracle,seeded,wormlike micelle,1,,,,,1.0,1.0,1.0,1.0,1.0,1.0,1.0,1.0,1.0,1.0,1.0,1.0,1.0,1.0,1.0,1.2,1.4,1.6,1.8,2.0,2.2,2.4,2.6,2.8,3.0,3.6,4.2,4.8,5.4,6.0,6.6,7.2,7.8,8.4,9.0,9.8,10.6,11.4,12.2,13.0,13.4,13.8,14.2,14.6,15.0,
22,oracle,seeded,wormlike micelle,2,,,,,1.0,1.0,1.0,1.0,1.0,1.0,1.0,1.0,1.0,1.0,1.0,1.0,1.0,1.0,1.0,1.0,1.0,1.0,1.0,1.0,1.0,1.0,1.0,1.0,1.0,1.0,1.0,1.0,1.0,1.0,1.2,1.4,1.6,1.8,2.0,2.4,2.8,3.2,3.6,4.0,4.2,4.4,4.6,4.8,5.0,
23,oracle,seeded,wormlike micelle,3,,,,,1.0,1.0,1.0,1.0,1.0,1.0,1.0,1.0,1.0,1.0,1.0,1.0,1.0,1.0,1.0,1.4,1.8,2.2,2.6,3.0,3.8,4.6,5.4,6.2,7.0,7.4,7.8,8.2,8.6,9.0,9.2,9.4,9.6,9.8,10.0,10.2,10.4,10.6,10.8,11.0,11.4,11.8,12.2,12.6,13.0,
24,oracle,seeded,wormlike micelle,4,,,,,2.0,2.0,2.0,2.0,2.0,2.2,2.4,2.6,2.8,3.0,3.0,3.0,3.0,3.0,3.0,3.6,4.2,4.8,5.4,6.0,6.2,6.4,6.6,6.8,7.0,7.4,7.8,8.2,8.6,9.0,10.0,11.0,12.0,13.0,14.0,14.2,14.4,14.6,14.8,15.0,15.4,15.8,16.2,16.6,17.0,
25,oracle,seeded,spherical micelle,0,,,,,2.0,2.0,2.0,2.0,2.0,2.0,2.0,2.0,2.0,2.0,2.0,2.0,2.0,2.0,2.0,2.0,2.0,2.0,2.0,2.0,2.2,2.4,2.6,2.8,3.0,3.2,3.4,3.6,3.8,4.0,4.0,4.0,4.0,4.0,4.0,4.2,4.4,4.6,4.8,5.0,5.6,6.2,6.8,7.4,8.0,
26,oracle,seeded,spherical micelle,1,,,,,1.0,1.0,1.0,1.0,1.0,1.0,1.25,1.5,1.75,2.0,2.0,2.0,2.0,2.0,2.0,2.0,2.0,2.0,2.0,2.0,2.0,2.0,2.0,2.0,2.0,2.0,2.0,2.0,2.0,2.0,2.2,2.4,2.6,2.8,3.0,3.2,3.4,3.6,3.8,4.0,4.2,4.4,4.6,4.8,5.0,
27,oracle,seeded,spherical micelle,2,,,,,1.0,1.2,1.4,1.6,1.8,2.0,2.0,2.0,2.0,2.0,2.0,2.0,2.0,2.0,2.0,2.0,2.0,2.0,2.0,2.0,2.2,2.4,2.6,2.8,3.0,3.0,3.0,3.0,3.0,3.0,3.2,3.4,3.6,3.8,4.0,4.0,4.0,4.0,4.0,4.0,4.2,4.4,4.6,4.8,5.0,5.2
28,oracle,seeded,spherical micelle,3,,,,,1.0,1.0,1.0,1.0,1.0,1.0,1.25,1.5,1.75,2.0,2.0,2.0,2.0,2.0,2.0,2.0,2.0,2.0,2.0,2.0,2.0,2.0,2.0,2.0,2.0,2.2,2.4,2.6,2.8,3.0,3.0,3.0,3.0,3.0,3.0,3.2,3.4,3.6,3.8,4.0,4.4,4.8,5.2,5.6,6.0,
29,oracle,seeded,spherical micelle,4,,,,,1.0,1.0,1.0,1.0,1.0,1.0,1.0,1.0,1.0,1.0,1.2,1.4,1.6,1.8,2.0,2.8,3.6,4.4,5.2,6.0,6.2,6.4,6.6,6.8,7.0,7.4,7.8,8.2,8.6,9.0,9.6,10.2,10.8,11.4,12.0,12.0,12.0,12.0,12.0,12.0,12.0,12.0,12.0,12.0,12.0,
30,oracle,unseeded,liquid,0,,,,,0.0,0.0,0.0,0.0,0.0,0.0,0.0,0.0,0.0,0.0,0.0,0.0,0.0,0.0,0.0,0.0,0.0,0.0,0.0,0.0,0.0,0.2,0.4,0.6000000000000001,0.8,1.0,1.0,1.0,1.0,1.0,1.0,1.6,2.2,2.8,3.4,4.0,4.0,4.0,4.0,4.0,4.0,4.4,4.8,5.2,5.6,6.0
31,oracle,unseeded,liquid,1,,,,,0.0,0.0,0.0,0.0,0.0,0.0,0.0,0.0,0.0,0.0,0.0,0.0,0.0,0.0,0.0,0.0,0.4,0.8,1.2000000000000002,1.6,2.0,2.4,2.8,3.2,3.6,4.0,4.6,5.2,5.8,6.4,7.0,7.6,8.2,8.8,9.4,10.0,11.0,12.0,13.0,14.0,15.0,15.4,15.8,16.2,16.6,17.0
32,oracle,unseeded,liquid,2,,,,,0.0,0.0,0.0,0.0,0.0,0.0,0.0,0.0,0.0,0.0,0.0,0.0,0.0,0.0,0.0,0.0,0.0,0.0,0.0,0.0,0.0,0.0,0.0,0.0,0.0,0.0,0.0,0.0,0.0,0.0,0.0,0.6,1.2,1.7999999999999998,2.4,3.0,3.2,3.4,3.6,3.8,4.0,4.2,4.4,4.6,4.8,5.0
33,oracle,unseeded,liquid,3,,,,,0.0,0.0,0.0,0.0,0.0,0.0,0.0,0.0,0.0,0.0,0.0,0.0,0.0,0.0,0.0,0.0,0.2,0.4,0.6000000000000001,0.8,1.0,1.0,1.0,1.0,1.0,1.0,1.2,1.4,1.6,1.8,2.0,2.0,2.0,2.0,2.0,2.0,2.2,2.4,2.6,2.8,3.0,3.2,3.4,3.6,3.8,4.0
34,oracle,unseeded,liquid,4,,,,,0.0,0.0,0.0,0.0,0.0,0.0,0.0,0.0,0.0,0.0,0.0,0.0,0.0,0.0,0.0,0.0,0.2,0.4,0.6000000000000001,0.8,1.0,1.0,1.0,1.0,1.0,1.0,1.2,1.4,1.6,1.8,2.0,2.6,3.2,3.8,4.4,5.0,5.6,6.2,6.8,7.4,8.0,8.4,8.8,9.2,9.6,10.0
35,oracle,unseeded,string,0,,,,,0.0,0.0,0.0,0.0,0.0,0.0,0.0,0.0,0.0,0.0,0.0,0.0,0.0,0.0,0.0,0.0,0.0,0.0,0.0,0.0,0.0,0.0,0.0,0.0,0.0,0.0,0.0,0.0,0.0,0.0,0.0,0.0,0.0,0.0,0.0,0.0,0.0,0.0,0.0,0.0,0.0,0.0,0.0,0.0,0.0,0.0
36,oracle,unseeded,string,1,,,,,0.0,0.0,0.0,0.0,0.0,0.0,0.0,0.0,0.0,0.0,0.0,0.0,0.0,0.0,0.0,0.0,0.0,0.0,0.0,0.0,0.0,0.0,0.0,0.0,0.0,0.0,0.0,0.0,0.0,0.0,0.0,0.0,0.0,0.2,0.4,0.6000000000000001,0.8,1.0,1.6,2.2,2.8,3.4,4.0,4.2,4.4,4.6
37,oracle,unseeded,string,2,,,,,0.0,0.0,0.0,0.0,0.0,0.0,0.2,0.4,0.6000000000000001,0.8,1.0,1.0,1.0,1.0,1.0,1.0,1.2,1.4,1.6,1.8,2.0,2.6,3.2,3.8,4.4,5.0,5.2,5.4,5.6,5.8,6.0,6.0,6.0,6.0,6.0,6.0,6.4,6.8,7.2,7.6,8.0,8.0,8.0,8.0,8.0,8.0
38,oracle,unseeded,string,3,,,,,0.0,0.25,0.5,0.75,1.0,1.6,2.2,2.8,3.4,4.0,4.2,4.4,4.6,4.8,5.0,5.4,5.8,6.2,6.6,7.0,7.0,7.0,7.0,7.0,7.0,7.2,7.4,7.6,7.8,8.0,8.2,8.4,8.6,8.8,9.0,9.0,9.0,9.0,9.0,9.0,9.4,9.8,10.2,10.6,11.0,
39,oracle,unseeded,string,4,,,,,0.0,0.0,0.0,0.0,0.0,0.0,0.0,0.0,0.0,0.0,0.0,0.0,0.0,0.0,0.0,0.0,0.0,0.0,0.0,0.0,0.0,0.0,0.0,0.0,0.0,0.0,0.0,0.0,0.0,0.0,0.0,0.0,0.0,0.0,0.0,0.0,0.0,0.0,0.0,0.0,0.0,0.0,0.0,0.0,0.0,
40,oracle,unseeded,membrane,0,,,,,0.0,0.0,0.0,0.0,0.0,0.0,0.0,0.0,0.0,0.0,0.0,0.2,0.4,0.6000000000000001,0.8,1.0,1.0,1.0,1.0,1.0,1.2,1.4,1.6,1.8,2.0,2.0,2.0,2.0,2.0,2.0,2.2,2.4,2.6,2.8,3.0,3.4,3.8,4.2,4.6,5.0,5.0,5.0,5.0,5.0,5.0,5.2
41,oracle,unseeded,membrane,1,,,,,0.0,0.0,0.0,0.0,0.0,0.0,0.0,0.0,0.0,0.0,0.0,0.0,0.0,0.0,0.0,0.0,0.2,0.4,0.6000000000000001,0.8,1.0,1.0,1.0,1.0,1.0,1.0,1.6,2.2,2.8,3.4,4.0,4.4,4.8,5.2,5.6,6.0,6.2,6.4,6.6,6.8,7.0,7.2,7.4,7.6,7.8,8.0
42,oracle,unseeded,membrane,2,,,,,1.0,1.4,1.8,2.2,2.6,3.0,3.0,3.0,3.0,3.0,3.0,3.2,3.4,3.6,3.8,4.0,4.0,4.0,4.0,4.0,4.0,4.0,4.0,4.0,4.0,4.0,4.2,4.4,4.6,4.8,5.0,5.0,5.0,5.0,5.0,5.0,5.0,5.0,5.0,5.0,5.0,5.2,5.4,5.6,5.8,6.0
43,oracle,unseeded,membrane,3,,,,,0.0,0.0,0.0,0.0,0.0,0.0,0.0,0.0,0.0,0.0,0.0,0.0,0.0,0.0,0.0,0.0,0.0,0.0,0.0,0.0,0.0,0.2,0.4,0.6000000000000001,0.8,1.0,1.0,1.0,1.0,1.0,1.0,1.0,1.0,1.0,1.0,1.0,1.0,1.0,1.0,1.0,1.0,1.0,1.0,1.0,1.0,1.0
44,oracle,unseeded,membrane,4,,,,,0.0,0.0,0.0,0.0,0.0,0.0,0.0,0.0,0.0,0.0,0.0,0.0,0.0,0.0,0.0,0.0,0.0,0.0,0.0,0.0,0.0,0.0,0.0,0.0,0.0,0.0,0.0,0.0,0.0,0.0,0.0,0.0,0.0,0.0,0.0,0.0,0.0,0.0,0.0,0.0,0.0,0.0,0.0,0.0,0.0,0.0
45,oracle,unseeded,vesicle,0,,,,,1.0,1.0,1.0,1.0,1.0,1.0,1.0,1.0,1.0,1.0,1.0,1.0,1.0,1.0,1.0,1.0,1.0,1.0,1.0,1.0,1.2,1.4,1.6,1.8,2.0,2.0,2.0,2.0,2.0,2.0,2.0,2.0,2.0,2.0,2.0,2.4,2.8,3.2,3.6,4.0,4.2,4.4,4.6,4.8,5.0,
46,oracle,unseeded,vesicle,1,,,,,0.0,0.0,0.0,0.0,0.0,0.0,0.2,0.4,0.6000000000000001,0.8,1.0,1.6,2.2,2.8,3.4,4.0,4.25,4.5,4.75,5.0,5.2,5.4,5.6,5.8,6.0,6.4,6.8,7.2,7.6,8.0,8.2,8.4,8.6,8.8,9.0,9.2,9.4,9.6,9.8,10.0,10.2,10.4,10.6,10.8,11.0,11.0
47,oracle,unseeded,vesicle,2,,,,,0.0,0.0,0.0,0.0,0.0,0.0,0.0,0.0,0.0,0.0,0.0,0.0,0.0,0.0,0.0,0.0,0.0,0.0,0.0,0.0,0.0,0.0,0.0,0.0,0.0,0.0,0.0,0.0,0.0,0.0,0.0,0.0,0.0,0.4,0.8,1.2000000000000002,1.6,2.0,2.2,2.4,2.6,2.8,3.0,3.2,3.4,3.6
48,oracle,unseeded,vesicle,3,,,,,0.0,0.0,0.0,0.0,0.0,0.0,0.0,0.0,0.0,0.0,0.0,0.0,0.0,0.0,0.2,0.4,0.6000000000000001,0.8,1.0,1.0,1.0,1.0,1.0,1.0,1.0,1.0,1.0,1.0,1.0,1.0,1.0,1.0,1.0,1.0,1.0,1.0,1.0,1.0,1.0,1.4,1.8,2.2,2.6,3.0,3.2,3.4
49,oracle,unseeded,vesicle,4,,,,,0.0,0.0,0.0,0.0,0.0,0.0,0.0,0.0,0.0,0.0,0.0,0.0,0.0,0.0,0.0,0.0,0.0,0.0,0.0,0.0,0.2,0.4,0.6000000000000001,0.8,1.0,1.2,1.4,1.6,1.8,2.0,2.0,2.0,2.0,2.0,2.0,2.0,2.0,2.0,2.0,2.0,2.0,2.0,2.0,2.0,2.0,
50,oracle,unseeded,wormlike micelle,0,,,,,0.0,0.0,0.0,0.0,0.0,0.0,0.0,0.0,0.0,0.0,0.2,0.4,0.6000000000000001,0.8,1.0,1.0,1.0,1.0,1.0,1.0,1.0,1.0,1.0,1.0,1.0,1.0,1.0,1.0,1.0,1.0,1.0,1.0,1.0,1.0,1.0,1.0,1.0,1.0,1.0,1.0,1.0,1.0,1.0,1.0,1.0,
51,oracle,unseeded,wormlike micelle,1,,,,,0.0,0.0,0.0,0.0,0.0,0.0,0.0,0.0,0.0,0.0,0.0,0.0,0.0,0.0,0.0,0.0,0.0,0.0,0.0,0.0,0.0,0.0,0.0,0.0,0.0,0.0,0.0,0.0,0.0,0.0,0.0,0.0,0.0,0.0,0.0,0.0,0.0,0.0,0.0,0.0,0.0,0.0,0.0,0.0,0.0,0.0
52,oracle,unseeded,wormlike micelle,2,,,,,0.0,0.0,0.0,0.0,0.0,0.2,0.4,0.6000000000000001,0.8,1.0,1.4,1.8,2.2,2.6,3.0,3.2,3.4,3.6,3.8,4.0,4.2,4.4,4.6,4.8,5.0,5.2,5.4,5.6,5.8,6.0,6.4,6.8,7.2,7.6,8.0,8.6,9.2,9.8,10.4,11.0,11.6,12.2,12.8,13.4,14.0,
53,oracle,unseeded,wormlike micelle,3,,,,,0.0,0.0,0.0,0.0,0.0,0.0,0.0,0.0,0.0,0.0,0.0,0.0,0.0,0.0,0.0,0.0,0.0,0.0,0.0,0.0,0.0,0.0,0.0,0.0,0.0,0.0,0.0,0.0,0.0,0.0,0.0,0.0,0.0,0.0,0.0,0.0,0.0,0.0,0.0,0.0,0.0,0.0,0.0,0.0,0.0,0.0
54,oracle,unseeded,wormlike micelle,4,,,,,0.0,0.0,0.0,0.0,0.0,0.0,0.0,0.0,0.0,0.0,0.0,0.0,0.0,0.0,0.0,0.0,0.0,0.0,0.0,0.0,0.0,0.0,0.0,0.0,0.0,0.0,0.0,0.0,0.0,0.0,0.0,0.0,0.0,0.0,0.0,0.0,0.0,0.0,0.0,0.0,0.0,0.0,0.0,0.0,0.0,0.0
55,oracle,unseeded,spherical micelle,0,,,,,0.0,0.0,0.0,0.0,0.0,0.0,0.0,0.0,0.0,0.0,0.0,0.0,0.0,0.0,0.0,0.0,0.0,0.0,0.0,0.0,0.0,0.0,0.0,0.0,0.0,0.0,0.0,0.0,0.0,0.0,0.0,0.0,0.0,0.0,0.0,0.0,0.0,0.0,0.0,0.0,0.0,0.0,0.0,0.0,0.0,
56,oracle,unseeded,spherical micelle,1,,,,,0.0,0.0,0.0,0.0,0.0,0.0,0.0,0.0,0.0,0.0,0.0,0.0,0.0,0.0,0.0,0.0,0.0,0.0,0.0,0.0,0.0,0.0,0.0,0.0,0.0,0.0,0.0,0.0,0.0,0.0,0.0,0.0,0.0,0.0,0.0,0.0,0.0,0.0,0.0,0.0,0.0,0.0,0.0,0.0,0.0,
57,oracle,unseeded,spherical micelle,2,,,,,0.0,0.0,0.0,0.0,0.0,0.0,0.0,0.0,0.0,0.0,0.0,0.0,0.0,0.0,0.0,0.0,0.0,0.0,0.0,0.0,0.0,0.0,0.0,0.0,0.0,0.0,0.0,0.0,0.0,0.0,0.0,0.0,0.0,0.0,0.0,0.0,0.0,0.0,0.0,0.0,0.4,0.8,1.2000000000000002,1.6,2.0,2.2
58,oracle,unseeded,spherical micelle,3,,,,,0.0,0.0,0.0,0.0,0.0,0.0,0.0,0.0,0.0,0.0,0.0,0.0,0.0,0.0,0.0,0.0,0.0,0.0,0.0,0.0,0.0,0.0,0.0,0.0,0.0,0.0,0.0,0.0,0.0,0.0,0.0,0.0,0.0,0.0,0.0,0.0,0.0,0.0,0.0,0.0,0.0,0.0,0.0,0.0,0.0,0.0
59,oracle,unseeded,spherical micelle,4,,,,,0.0,0.0,0.0,0.0,0.0,0.0,0.0,0.0,0.0,0.0,0.0,0.0,0.0,0.0,0.0,0.0,0.0,0.0,0.0,0.0,0.0,0.0,0.0,0.0,0.0,0.0,0.0,0.0,0.0,0.0,0.0,0.0,0.0,0.0,0.0,0.0,0.0,0.0,0.0,0.0,0.0,0.0,0.0,0.0,0.0,
60,scientific,seeded,liquid,0,,,,,1.0,1.2,1.4,1.6,1.8,2.0,2.4,2.8,3.2,3.6,4.0,4.6,5.2,5.8,6.4,7.0,7.2,7.4,7.6,7.8,8.0,8.6,9.2,9.8,10.4,11.0,11.2,11.4,11.6,11.8,12.0,12.6,13.2,13.8,14.4,15.0,15.4,15.8,16.2,16.6,17.0,17.2,17.4,17.6,17.8,18.0
61,scientific,seeded,liquid,1,,,,,1.0,1.5,2.0,2.5,3.0,3.2,3.4,3.6,3.8,4.0,4.2,4.4,4.6,4.8,5.0,5.0,5.0,5.0,5.0,5.0,5.2,5.4,5.6,5.8,6.0,6.0,6.0,6.0,6.0,6.0,6.0,6.0,6.0,6.0,6.0,6.0,6.0,6.0,6.0,6.0,6.2,6.4,6.6,6.8,7.0,
62,scientific,seeded,liquid,2,,,,,2.0,2.4,2.8,3.2,3.6,4.0,4.4,4.8,5.2,5.6,6.0,6.4,6.8,7.2,7.6,8.0,8.4,8.8,9.2,9.6,10.0,10.2,10.4,10.6,10.8,11.0,11.6,12.2,12.8,13.4,14.0,14.6,15.2,15.8,16.4,17.0,17.0,17.0,17.0,17.0,17.0,17.4,17.8,18.2,18.6,19.0
63,scientific,seeded,liquid,3,,,,,1.0,1.4,1.8,2.2,2.6,3.0,3.25,3.5,3.75,4.0,4.25,4.5,4.75,5.0,5.4,5.8,6.2,6.6,7.0,7.4,7.8,8.2,8.6,9.0,9.2,9.4,9.6,9.8,10.0,10.2,10.4,10.6,10.8,11.0,11.4,11.8,12.2,12.6,13.0,13.6,14.2,14.8,15.4,16.0,16.2,16.4
64,scientific,seeded,liquid,4,,,,,2.0,2.4,2.8,3.2,3.6,4.0,4.2,4.4,4.6,4.8,5.0,5.5,6.0,6.5,7.0,7.25,7.5,7.75,8.0,8.2,8.4,8.6,8.8,9.0,9.2,9.4,9.6,9.8,10.0,10.2,10.4,10.6,10.8,11.0,11.4,11.8,12.2,12.6,13.0,13.2,13.4,13.6,13.8,14.0,14.2,14.4
65,scientific,seeded,string,0,,,,,1.0,1.2,1.4,1.6,1.8,2.0,2.0,2.0,2.0,2.0,2.0,2.0,2.0,2.0,2.0,2.0,2.0,2.0,2.0,2.0,2.2,2.4,2.6,2.8,3.0,3.2,3.4,3.6,3.8,4.0,4.6,5.2,5.8,6.4,7.0,7.2,7.4,7.6,7.8,8.0,8.2,8.4,8.6,8.8,9.0,
66,scientific,seeded,string,1,,,,,1.0,1.2,1.4,1.6,1.8,2.0,2.0,2.0,2.0,2.0,2.0,2.0,2.0,2.0,2.0,2.2,2.4,2.6,2.8,3.0,3.2,3.4,3.6,3.8,4.0,4.4,4.8,5.2,5.6,6.0,6.4,6.8,7.2,7.6,8.0,8.0,8.0,8.0,8.0,8.0,8.4,8.8,9.2,9.6,10.0,
67,scientific,seeded,string,2,,,,,1.0,1.2,1.4,1.6,1.8,2.0,2.2,2.4,2.6,2.8,3.0,3.25,3.5,3.75,4.0,4.0,4.0,4.0,4.0,4.0,4.0,4.0,4.0,4.0,4.0,4.0,4.0,4.0,4.0,4.0,4.0,4.0,4.0,4.0,4.2,4.4,4.6,4.8,5.0,5.2,5.4,5.6,5.8,6.0,6.0,6.0
68,scientific,seeded,string,3,,,,,1.0,1.2,1.4,1.6,1.8,2.0,2.0,2.0,2.0,2.0,2.0,2.0,2.0,2.0,2.0,2.0,2.0,2.0,2.0,2.0,2.0,2.0,2.0,2.0,2.0,2.0,2.0,2.0,2.0,2.0,2.0,2.0,2.0,2.0,2.0,2.0,2.0,2.0,2.0,2.0,2.2,2.4,2.6,2.8,3.0,
69,scientific,seeded,string,4,,,,,1.0,1.0,1.0,1.0,1.0,1.0,1.2,1.4,1.6,1.8,2.0,2.0,2.0,2.0,2.0,2.2,2.4,2.6,2.8,3.0,3.2,3.4,3.6,3.8,4.0,4.4,4.8,5.2,5.6,6.0,6.0,6.0,6.0,6.0,6.2,6.4,6.6,6.8,7.0,7.0,7.0,7.0,7.0,7.0,7.0,7.0
70,scientific,seeded,membrane,0,,,,,1.0,1.2,1.4,1.6,1.8,2.0,2.0,2.0,2.0,2.0,2.0,2.0,2.0,2.0,2.0,2.2,2.4,2.6,2.8,3.0,3.0,3.0,3.0,3.0,3.0,3.2,3.4,3.6,3.8,4.0,4.0,4.0,4.0,4.0,4.0,4.0,4.0,4.0,4.0,4.0,4.0,4.0,4.0,4.0,4.0,
71,scientific,seeded,membrane,1,,,,,1.0,1.4,1.8,2.2,2.6,3.0,3.2,3.4,3.6,3.8,4.0,4.0,4.0,4.0,4.0,4.0,4.2,4.4,4.6,4.8,5.0,5.2,5.4,5.6,5.8,6.0,6.2,6.4,6.6,6.8,7.0,7.2,7.4,7.6,7.8,8.0,8.4,8.8,9.2,9.6,10.0,10.0,10.0,10.0,10.0,10.0
72,scientific,seeded,membrane,2,,,,,1.0,1.2,1.4,1.6,1.8,2.0,2.2,2.4,2.6,2.8,3.0,3.3333333333333335,3.6666666666666665,4.0,4.0,4.0,4.0,4.0,4.0,4.0,4.0,4.0,4.0,4.0,4.0,4.0,4.0,4.0,4.0,4.0,4.0,4.0,4.0,4.0,4.0,4.0,4.0,4.0,4.0,4.2,4.4,4.6,4.8,5.0,5.4,5.8
73,scientific,seeded,membrane,3,,,,,1.0,1.4,1.8,2.2,2.6,3.0,3.5,4.0,4.5,5.0,5.2,5.4,5.6,5.8,6.0,6.2,6.4,6.6,6.8,7.0,7.0,7.0,7.0,7.0,7.0,7.2,7.4,7.6,7.8,8.0,8.4,8.8,9.2,9.6,10.0,10.0,10.0,10.0,10.0,10.0,10.0,10.0,10.0,10.0,10.0,10.0
74,scientific,seeded,membrane,4,,,,,1.0,1.2,1.4,1.6,1.8,2.0,2.0,2.0,2.0,2.0,2.0,2.0,2.0,2.0,2.0,2.0,2.0,2.0,2.0,2.0,2.2,2.4,2.6,2.8,3.0,3.0,3.0,3.0,3.0,3.0,3.0,3.0,3.0,3.0,3.0,3.0,3.0,3.0,3.0,3.4,3.8,4.2,4.6,5.0,5.0,5.0
75,scientific,seeded,vesicle,0,,,,,1.0,1.0,1.0,1.0,1.0,1.2,1.4,1.6,1.8,2.0,2.25,2.5,2.75,3.0,3.0,3.0,3.0,3.0,3.4,3.8,4.2,4.6,5.0,5.2,5.4,5.6,5.8,6.0,6.0,6.0,6.0,6.0,6.0,6.2,6.4,6.6,6.8,7.0,7.8,8.6,9.4,10.2,11.0,11.2,11.4,11.6
76,scientific,seeded,vesicle,1,,,,,1.0,1.0,1.2,1.4,1.6,1.8,2.0,2.0,2.0,2.0,2.0,2.0,2.0,2.0,2.0,2.0,2.0,2.4,2.8,3.2,3.6,4.0,4.0,4.0,4.0,4.0,4.0,4.2,4.4,4.6,4.8,5.0,5.0,5.0,5.0,5.0,5.2,5.4,5.6,5.8,6.0,6.2,6.4,6.6,6.8,7.0
77,scientific,seeded,vesicle,2,,,,,1.0,1.0,1.2,1.4,1.6,1.8,2.0,2.2,2.4,2.6,2.8,3.0,3.4,3.8,4.2,4.6,5.0,5.0,5.0,5.0,5.0,5.0,5.2,5.4,5.6,5.8,6.0,6.0,6.0,6.0,6.0,6.0,6.0,6.0,6.0,6.0,6.0,6.0,6.0,6.0,6.0,6.0,6.2,6.4,6.6,6.8
78,scientific,seeded,vesicle,3,,,,,1.0,1.0,1.4,1.8,2.2,2.6,3.0,3.0,3.0,3.0,3.0,3.0,3.2,3.4,3.6,3.8,4.0,4.4,4.8,5.2,5.6,6.0,6.2,6.4,6.6,6.8,7.0,7.2,7.4,7.6,7.8,8.0,8.0,8.0,8.0,8.0,8.0,8.2,8.4,8.6,8.8,9.0,9.0,9.0,9.0,9.0
79,scientific,seeded,vesicle,4,,,,,1.0,1.0,1.2,1.4,1.6,1.8,2.0,2.2,2.4,2.6,2.8,3.0,3.25,3.5,3.75,4.0,4.25,4.5,4.75,5.0,5.0,5.0,5.0,5.0,5.2,5.4,5.6,5.8,6.0,6.0,6.0,6.0,6.0,6.2,6.4,6.6,6.8,7.0,7.2,7.4,7.6,7.8,8.0,8.2,8.4,8.6
80,scientific,seeded,wormlike micelle,0,,,,,1.0,1.2,1.4,1.6,1.8,2.0,2.0,2.0,2.0,2.0,2.0,2.0,2.0,2.0,2.0,2.0,2.0,2.0,2.0,2.0,2.0,2.0,2.0,2.0,2.0,2.0,2.0,2.0,2.0,2.0,2.0,2.0,2.0,2.0,2.0,2.2,2.4,2.6,2.8,3.0,3.0,3.0,3.0,3.0,3.0,
81,scientific,seeded,wormlike micelle,1,,,,,1.0,1.0,1.0,1.0,1.0,1.0,1.0,1.0,1.0,1.0,1.0,1.0,1.0,1.0,1.0,1.2,1.4,1.6,1.8,2.0,2.6,3.2,3.8,4.4,5.0,5.4,5.8,6.2,6.6,7.0,7.0,7.0,7.0,7.0,7.0,7.4,7.8,8.2,8.6,9.0,9.4,9.8,10.2,10.6,11.0,
82,scientific,seeded,wormlike micelle,2,,,,,1.0,1.2,1.4,1.6,1.8,2.0,2.0,2.0,2.0,2.0,2.0,2.0,2.0,2.0,2.0,2.0,2.0,2.0,2.0,2.0,2.0,2.0,2.0,2.0,2.0,2.0,2.0,2.0,2.0,2.0,2.0,2.0,2.0,2.0,2.0,2.2,2.4,2.6,2.8,3.0,3.0,3.0,3.0,3.0,3.0,
83,scientific,seeded,wormlike micelle,3,,,,,1.0,1.0,1.0,1.0,1.0,1.0,1.0,1.0,1.0,1.0,1.2,1.4,1.6,1.8,2.0,2.4,2.8,3.2,3.6,4.0,4.2,4.4,4.6,4.8,5.0,5.2,5.4,5.6,5.8,6.0,6.2,6.4,6.6,6.8,7.0,7.0,7.0,7.0,7.0,7.0,7.4,7.8,8.2,8.6,9.0,
84,scientific,seeded,wormlike micelle,4,,,,,1.0,1.4,1.8,2.2,2.6,3.0,3.0,3.0,3.0,3.0,3.0,3.0,3.0,3.0,3.0,3.0,3.0,3.0,3.0,3.0,3.0,3.0,3.0,3.0,3.0,3.2,3.4,3.6,3.8,4.0,4.0,4.0,4.0,4.0,4.0,4.0,4.0,4.0,4.0,4.0,4.4,4.8,5.2,5.6,6.0,
85,scientific,seeded,spherical micelle,0,,,,,1.0,1.0,1.0,1.0,1.0,1.0,1.0,1.0,1.0,1.0,1.2,1.4,1.6,1.8,2.0,2.2,2.4,2.6,2.8,3.0,3.2,3.4,3.6,3.8,4.0,4.0,4.0,4.0,4.0,4.0,4.4,4.8,5.2,5.6,6.0,6.25,6.5,6.75,7.0,7.4,7.8,8.2,8.6,9.0,9.0,9.0
86,scientific,seeded,spherical micelle,1,,,,,1.0,1.0,1.0,1.0,1.0,1.0,1.0,1.0,1.0,1.0,1.0,1.0,1.0,1.0,1.0,2.0,3.0,4.0,5.0,6.0,6.0,6.0,6.0,6.0,6.0,6.6,7.2,7.8,8.4,9.0,9.2,9.4,9.6,9.8,10.0,10.2,10.4,10.6,10.8,11.0,11.2,11.4,11.6,11.8,12.0,
87,scientific,seeded,spherical micelle,2,,,,,1.0,1.0,1.0,1.0,1.0,1.0,1.25,1.5,1.75,2.0,2.0,2.0,2.0,2.0,2.0,2.2,2.4,2.6,2.8,3.0,3.0,3.0,3.0,3.0,3.0,3.0,3.0,3.0,3.0,3.0,3.4,3.8,4.2,4.6,5.0,5.4,5.8,6.2,6.6,7.0,7.2,7.4,7.6,7.8,8.0,
88,scientific,seeded,spherical micelle,3,,,,,1.0,1.0,1.0,1.0,1.0,1.0,1.25,1.5,1.75,2.0,2.0,2.0,2.0,2.0,2.0,2.4,2.8,3.2,3.6,4.0,4.6,5.2,5.8,6.4,7.0,7.8,8.6,9.4,10.2,11.0,11.2,11.4,11.6,11.8,12.0,12.2,12.4,12.6,12.8,13.0,13.6,14.2,14.8,15.4,16.0,
89,scientific,seeded,spherical micelle,4,,,,,1.0,1.0,1.0,1.0,1.0,1.0,1.0,1.0,1.0,1.0,1.2,1.4,1.6,1.8,2.0,2.4,2.8,3.2,3.6,4.0,4.2,4.4,4.6,4.8,5.0,5.2,5.4,5.6,5.8,6.0,6.0,6.0,6.0,6.0,6.0,6.2,6.4,6.6,6.8,7.0,7.0,7.0,7.0,7.0,7.0,
90,scientific,unseeded,liquid,0,,,,,0.0,0.0,0.0,0.0,0.0,0.0,0.0,0.0,0.0,0.0,0.0,0.0,0.4,0.8,1.2000000000000002,1.6,2.0,2.6,3.2,3.8,4.4,5.0,5.8,6.6,7.4,8.2,9.0,9.4,9.8,10.2,10.6,11.0,11.8,12.6,13.4,14.2,15.0,15.6,16.2,16.8,17.4,18.0,18.4,18.8,19.2,19.6
91,scientific,unseeded,liquid,1,,,,,0.0,0.0,0.0,0.0,0.0,0.0,0.0,0.0,0.0,0.0,0.0,0.0,0.0,0.0,0.0,0.0,0.0,0.0,0.0,0.0,0.0,0.0,0.0,0.0,0.0,0.0,0.0,0.0,0.0,0.0,0.0,0.0,0.0,0.0,0.0,0.0,0.0,0.0,0.0,0.0,0.0,0.0,0.0,0.0,0.0,0.0
92,scientific,unseeded,liquid,2,,,,,0.0,0.0,0.0,0.0,0.0,0.0,0.0,0.0,0.0,0.0,0.0,0.0,0.0,0.0,0.0,0.2,0.4,0.6000000000000001,0.8,1.0,1.2,1.4,1.6,1.8,2.0,2.4,2.8,3.2,3.6,4.0,4.8,5.6,6.4,7.2,8.0,8.0,8.0,8.0,8.0,8.0,8.4,8.8,9.2,9.6,10.0,
93,scientific,unseeded,liquid,3,,,,,0.0,0.25,0.5,0.75,1.0,1.0,1.0,1.0,1.0,1.4,1.8,2.2,2.6,3.0,3.8,4.6,5.4,6.2,7.0,7.4,7.8,8.2,8.6,9.0,9.4,9.8,10.2,10.6,11.0,11.4,11.8,12.2,12.6,13.0,13.8,14.6,15.4,16.2,17.0,17.6,18.2,18.8,19.4,20.0,20.8,21.6
94,scientific,unseeded,liquid,4,,,,,0.0,0.0,0.0,0.0,0.0,0.0,0.0,0.0,0.0,0.0,0.0,0.0,0.0,0.0,0.0,0.0,0.0,0.0,0.0,0.0,0.2,0.4,0.6000000000000001,0.8,1.0,1.2,1.4,1.6,1.8,2.0,2.2,2.4,2.6,2.8,3.0,3.0,3.0,3.0,3.0,3.0,3.2,3.4,3.6,3.8,4.0,4.6
95,scientific,unseeded,string,0,,,,,0.0,0.0,0.0,0.0,0.0,0.0,0.0,0.0,0.0,0.0,0.0,0.0,0.0,0.0,0.0,0.0,0.2,0.4,0.6000000000000001,0.8,1.0,1.3333333333333333,1.6666666666666665,2.0,2.2,2.4,2.6,2.8,3.0,3.2,3.4,3.6,3.8,4.0,4.8,5.6,6.4,7.2,8.0,8.6,9.2,9.8,10.4,11.0,11.4,11.8
96,scientific,unseeded,string,1,,,,,0.0,0.2,0.4,0.6000000000000001,0.8,1.0,1.2,1.4,1.6,1.8,2.0,2.6,3.2,3.8,4.4,5.0,5.6,6.2,6.8,7.4,8.0,8.4,8.8,9.2,9.6,10.0,10.0,10.0,10.0,10.0,10.0,10.6,11.2,11.8,12.4,13.0,13.2,13.4,13.6,13.8,14.0,14.4,14.8,15.2,15.6,16.0
97,scientific,unseeded,string,2,,,,,0.0,0.0,0.0,0.0,0.0,0.0,0.0,0.0,0.0,0.0,0.0,0.0,0.0,0.0,0.0,0.0,0.0,0.0,0.0,0.0,0.0,0.0,0.0,0.0,0.0,0.0,0.0,0.0,0.0,0.0,0.0,0.0,0.0,0.0,0.0,0.0,0.0,0.0,0.0,0.0,0.0,0.0,0.0,0.0,0.0,
98,scientific,unseeded,string,3,,,,,0.0,0.0,0.0,0.0,0.0,0.0,0.0,0.0,0.0,0.0,0.0,0.0,0.0,0.0,0.0,0.0,0.0,0.0,0.0,0.0,0.0,0.0,0.0,0.0,0.0,0.0,0.0,0.0,0.0,0.0,0.0,0.0,0.0,0.0,0.0,0.0,0.0,0.0,0.0,0.0,0.0,0.0,0.0,0.0,0.0,0.0
99,scientific,unseeded,string,4,,,,,0.0,0.0,0.0,0.0,0.0,0.0,0.0,0.0,0.0,0.0,0.0,0.0,0.0,0.0,0.0,0.0,0.0,0.0,0.0,0.0,0.0,0.0,0.0,0.0,0.0,0.0,0.0,0.0,0.0,0.0,0.0,0.0,0.0,0.0,0.0,0.0,0.0,0.0,0.0,0.0,0.0,0.0,0.0,0.0,0.0,0.0
100,scientific,unseeded,membrane,0,,,,,0.0,0.0,0.0,0.0,0.0,0.0,0.0,0.0,0.0,0.0,0.0,0.2,0.4,0.6000000000000001,0.8,1.0,1.8,2.6,3.4000000000000004,4.2,5.0,5.4,5.8,6.2,6.6,7.0,7.2,7.4,7.6,7.8,8.0,8.2,8.4,8.6,8.8,9.0,9.0,9.0,9.0,9.0,9.0,9.0,9.0,9.0,9.0,9.0
101,scientific,unseeded,membrane,1,,,,,0.0,0.0,0.0,0.0,0.0,0.0,0.0,0.0,0.0,0.0,0.0,0.0,0.0,0.0,0.0,0.0,0.0,0.0,0.0,0.0,0.2,0.4,0.6000000000000001,0.8,1.0,1.2,1.4,1.6,1.8,2.0,2.0,2.0,2.0,2.0,2.0,2.0,2.0,2.0,2.0,2.0,2.0,2.0,2.0,2.0,2.0,2.0
102,scientific,unseeded,membrane,2,,,,,1.0,1.2,1.4,1.6,1.8,2.0,2.0,2.0,2.0,2.0,2.0,2.0,2.0,2.0,2.0,2.0,2.0,2.0,2.0,2.0,2.0,2.2,2.4,2.6,2.8,3.0,3.0,3.0,3.0,3.0,3.0,3.0,3.0,3.0,3.0,3.0,3.0,3.0,3.0,3.0,3.0,3.0,3.0,3.0,3.0,3.0
103,scientific,unseeded,membrane,3,,,,,0.0,0.0,0.0,0.0,0.0,0.0,0.2,0.4,0.6000000000000001,0.8,1.0,1.0,1.0,1.0,1.0,1.0,1.0,1.0,1.0,1.0,1.0,1.0,1.0,1.0,1.0,1.0,1.0,1.0,1.0,1.0,1.0,1.2,1.4,1.6,1.8,2.0,2.2,2.4,2.6,2.8,3.0,3.0,3.0,3.0,3.0,3.0
104,scientific,unseeded,membrane,4,,,,,0.0,0.0,0.0,0.0,0.0,0.0,0.2,0.4,0.6000000000000001,0.8,1.0,1.0,1.0,1.0,1.0,1.0,1.2,1.4,1.6,1.8,2.0,2.2,2.4,2.6,2.8,3.0,3.0,3.0,3.0,3.0,3.0,3.2,3.4,3.6,3.8,4.0,4.0,4.0,4.0,4.0,4.0,4.0,4.0,4.0,4.0,4.0
105,scientific,unseeded,vesicle,0,,,,,0.0,0.0,0.0,0.0,0.0,0.0,0.0,0.0,0.0,0.0,0.0,0.0,0.0,0.0,0.0,0.0,0.0,0.0,0.0,0.0,0.0,0.0,0.0,0.0,0.0,0.0,0.0,0.0,0.0,0.0,0.0,0.0,0.0,0.0,0.0,0.0,0.0,0.0,0.0,0.0,0.0,0.0,0.0,0.0,0.0,
106,scientific,unseeded,vesicle,1,,,,,0.0,0.0,0.0,0.0,0.0,0.0,0.0,0.0,0.0,0.0,0.0,0.0,0.0,0.0,0.0,0.0,0.0,0.0,0.0,0.0,0.0,0.0,0.0,0.0,0.0,0.0,0.0,0.0,0.0,0.0,0.0,0.0,0.0,0.0,0.0,0.0,0.0,0.0,0.0,0.0,0.0,0.0,0.0,0.0,0.0,
107,scientific,unseeded,vesicle,2,,,,,0.0,0.0,0.0,0.0,0.0,0.0,0.0,0.0,0.0,0.0,0.0,0.0,0.0,0.0,0.0,0.0,0.0,0.0,0.0,0.0,0.0,0.0,0.0,0.0,0.0,0.0,0.0,0.0,0.0,0.0,0.0,0.0,0.0,0.0,0.0,0.0,0.0,0.0,0.0,0.0,0.0,0.2,0.4,0.6000000000000001,0.8,1.0
108,scientific,unseeded,vesicle,3,,,,,0.0,0.2,0.4,0.6000000000000001,0.8,1.0,1.4,1.8,2.2,2.6,3.0,3.0,3.0,3.0,3.0,3.2,3.4,3.6,3.8,4.0,4.0,4.0,4.0,4.0,4.0,4.0,4.0,4.0,4.0,4.0,4.2,4.4,4.6,4.8,5.0,5.2,5.4,5.6,5.8,6.0,6.4,6.8,7.2,7.6,8.0,
109,scientific,unseeded,vesicle,4,,,,,0.0,0.0,0.0,0.0,0.0,0.0,0.2,0.4,0.6000000000000001,0.8,1.0,1.0,1.0,1.0,1.0,1.0,1.2,1.4,1.6,1.8,2.0,2.0,2.0,2.0,2.0,2.0,2.2,2.4,2.6,2.8,3.0,3.0,3.0,3.0,3.0,3.0,3.0,3.0,3.0,3.0,3.0,3.0,3.0,3.0,3.0,3.0
110,scientific,unseeded,wormlike micelle,0,,,,,0.0,0.0,0.0,0.0,0.0,0.0,0.0,0.0,0.0,0.0,0.0,0.0,0.0,0.0,0.0,0.0,0.0,0.0,0.0,0.0,0.0,0.0,0.0,0.0,0.0,0.0,0.0,0.0,0.0,0.0,0.0,0.0,0.0,0.0,0.0,0.0,0.0,0.0,0.0,0.0,0.0,0.0,0.0,0.0,0.0,0.0
111,scientific,unseeded,wormlike micelle,1,,,,,0.0,0.0,0.0,0.0,0.0,0.0,0.0,0.0,0.0,0.0,0.0,0.0,0.0,0.0,0.0,0.0,0.0,0.0,0.0,0.0,0.0,0.0,0.0,0.0,0.0,0.4,0.8,1.2000000000000002,1.6,2.0,2.0,2.0,2.0,2.0,2.0,2.4,2.8,3.2,3.6,4.0,4.2,4.4,4.6,4.8,5.0,
112,scientific,unseeded,wormlike micelle,2,,,,,0.0,0.0,0.0,0.0,0.0,0.0,0.0,0.0,0.0,0.0,0.0,0.0,0.0,0.0,0.0,0.0,0.0,0.0,0.0,0.0,0.0,0.0,0.0,0.0,0.0,0.0,0.0,0.0,0.0,0.0,0.0,0.2,0.4,0.6000000000000001,0.8,1.0,1.4,1.8,2.2,2.6,3.0,3.0,3.0,3.0,3.0,3.0
113,scientific,unseeded,wormlike micelle,3,,,,,0.0,0.0,0.0,0.0,0.0,0.0,0.0,0.0,0.0,0.0,0.0,0.0,0.0,0.0,0.0,0.0,0.0,0.0,0.0,0.0,0.0,0.0,0.0,0.0,0.0,0.2,0.4,0.6000000000000001,0.8,1.0,1.2,1.4,1.6,1.8,2.0,2.6,3.2,3.8,4.4,5.0,5.2,5.4,5.6,5.8,6.0,
114,scientific,unseeded,wormlike micelle,4,,,,,0.0,0.0,0.0,0.0,0.0,0.0,0.0,0.0,0.0,0.0,0.0,0.0,0.0,0.0,0.0,0.0,0.0,0.0,0.0,0.0,0.0,0.0,0.0,0.0,0.0,0.0,0.0,0.0,0.0,0.0,0.0,0.0,0.0,0.0,0.0,0.0,0.0,0.0,0.0,0.0,0.0,0.0,0.0,0.0,0.0,
115,scientific,unseeded,spherical micelle,0,,,,,0.0,0.0,0.0,0.0,0.0,0.0,0.0,0.0,0.0,0.0,0.0,0.0,0.0,0.0,0.0,0.0,0.0,0.0,0.0,0.0,0.0,0.0,0.0,0.0,0.0,0.0,0.0,0.0,0.0,0.0,0.0,0.0,0.0,0.0,0.0,0.0,0.0,0.0,0.0,0.0,0.0,0.0,0.0,0.0,0.0,
116,scientific,unseeded,spherical micelle,1,,,,,0.0,0.0,0.0,0.0,0.0,0.0,0.0,0.0,0.0,0.0,0.0,0.0,0.0,0.0,0.0,0.0,0.0,0.0,0.0,0.0,0.0,0.0,0.0,0.0,0.0,0.0,0.0,0.0,0.0,0.0,0.0,0.0,0.0,0.0,0.0,0.0,0.0,0.0,0.0,0.0,0.0,0.0,0.0,0.0,0.0,0.0
117,scientific,unseeded,spherical micelle,2,,,,,0.0,0.2,0.4,0.6000000000000001,0.8,1.0,1.8,2.6,3.4000000000000004,4.2,5.0,5.6,6.2,6.8,7.4,8.0,8.6,9.2,9.8,10.4,11.0,11.2,11.4,11.6,11.8,12.0,12.2,12.4,12.6,12.8,13.0,13.0,13.0,13.0,13.0,13.0,13.2,13.4,13.6,13.8,14.0,14.0,14.0,14.0,14.0,14.0
118,scientific,unseeded,spherical micelle,3,,,,,0.0,0.0,0.0,0.0,0.0,0.0,0.0,0.0,0.0,0.0,0.0,0.0,0.0,0.0,0.0,0.0,0.0,0.0,0.0,0.0,0.0,0.0,0.0,0.0,0.0,0.0,0.0,0.0,0.0,0.0,0.0,0.0,0.0,0.0,0.0,0.0,0.0,0.0,0.0,0.0,0.0,0.0,0.0,0.0,0.0,
119,scientific,unseeded,spherical micelle,4,,,,,1.0,2.0,3.0,4.0,5.0,6.0,6.6,7.2,7.8,8.4,9.0,9.4,9.8,10.2,10.6,11.0,11.4,11.8,12.2,12.6,13.0,13.4,13.8,14.2,14.6,15.0,15.6,16.2,16.8,17.4,18.0,18.0,18.0,18.0,18.0,18.4,18.8,19.2,19.6,20.0,20.2,20.4,20.6,20.8,21.0,
120,active,seeded,liquid,0,,,,,1.0,1.0,1.0,1.0,1.0,1.0,1.0,1.0,1.0,1.0,1.0,1.0,1.0,1.0,1.0,1.0,1.0,1.0,1.0,1.0,1.0,1.0,1.0,1.0,1.0,1.0,1.2,1.4,1.6,1.8,2.0,2.0,2.0,2.0,2.0,2.0,2.2,2.4,2.6,2.8,3.0,3.0,3.0,3.0,3.0,3.0
121,active,seeded,liquid,1,,,,,1.0,1.0,1.0,1.0,1.0,1.0,1.0,1.0,1.0,1.0,1.0,1.0,1.0,1.0,1.0,1.0,1.0,1.0,1.0,1.0,1.0,1.0,1.0,1.0,1.0,1.0,1.2,1.4,1.6,1.8,2.0,2.2,2.4,2.6,2.8,3.0,3.6,4.2,4.8,5.4,6.0,6.2,6.4,6.6,6.8,7.0
122,active,seeded,liquid,2,,,,,1.0,1.2,1.4,1.6,1.8,2.0,2.0,2.0,2.0,2.0,2.0,2.0,2.0,2.0,2.0,2.0,2.6,3.2,3.8,4.4,5.0,5.0,5.0,5.0,5.0,5.0,5.2,5.4,5.6,5.8,6.0,6.2,6.4,6.6,6.8,7.0,7.0,7.0,7.0,7.0,7.0,7.0,7.0,7.0,7.0,7.0
123,active,seeded,liquid,3,,,,,1.0,1.0,1.0,1.0,1.0,1.0,1.0,1.0,1.0,1.0,1.0,1.0,1.0,1.0,1.0,1.0,1.0,1.0,1.0,1.0,1.0,1.0,1.0,1.0,1.0,1.0,1.0,1.0,1.0,1.0,1.0,1.0,1.0,1.0,1.0,1.0,1.0,1.0,1.0,1.0,1.0,1.0,1.0,1.0,1.0,1.0
124,active,seeded,liquid,4,,,,,1.0,1.0,1.0,1.0,1.0,1.0,1.0,1.0,1.0,1.0,1.0,1.2,1.4,1.6,1.8,2.0,2.0,2.0,2.0,2.0,2.0,2.4,2.8,3.2,3.6,4.0,4.0,4.0,4.0,4.0,4.0,4.2,4.4,4.6,4.8,5.0,5.2,5.4,5.6,5.8,6.0,6.0,6.0,6.0,6.0,6.0
125,active,seeded,string,0,,,,,1.0,1.0,1.0,1.0,1.0,1.0,1.0,1.0,1.0,1.0,1.0,1.0,1.0,1.0,1.0,1.0,1.0,1.0,1.0,1.0,1.0,1.2,1.4,1.6,1.8,2.0,2.0,2.0,2.0,2.0,2.0,2.0,2.0,2.0,2.0,2.0,2.2,2.4,2.6,2.8,3.0,3.6,4.2,4.8,5.4,6.0
126,active,seeded,string,1,,,,,1.0,1.0,1.0,1.0,1.0,1.0,1.0,1.0,1.0,1.0,1.0,1.0,1.0,1.0,1.0,1.0,1.0,1.0,1.0,1.0,1.0,1.0,1.0,1.0,1.0,1.0,1.0,1.0,1.0,1.0,1.0,1.0,1.0,1.0,1.0,1.0,1.0,1.0,1.0,1.0,1.0,1.0,1.0,1.0,1.0,1.0
127,active,seeded,string,2,,,,,1.0,1.0,1.0,1.0,1.0,1.0,1.0,1.0,1.0,1.0,1.0,1.0,1.0,1.0,1.0,1.0,1.0,1.0,1.0,1.0,1.0,1.0,1.0,1.0,1.0,1.0,1.0,1.0,1.0,1.0,1.0,1.0,1.0,1.0,1.0,1.0,1.0,1.0,1.0,1.0,1.0,1.0,1.0,1.0,1.0,1.0
128,active,seeded,string,3,,,,,1.0,1.0,1.0,1.0,1.0,1.0,1.0,1.0,1.0,1.0,1.0,1.0,1.0,1.0,1.0,1.0,1.0,1.0,1.0,1.0,1.0,1.0,1.0,1.0,1.0,1.0,1.0,1.0,1.0,1.0,1.0,1.0,1.0,1.0,1.0,1.0,1.0,1.0,1.0,1.0,1.0,1.2,1.4,1.6,1.8,2.0
129,active,seeded,string,4,,,,,1.0,1.0,1.0,1.0,1.0,1.0,1.0,1.0,1.0,1.0,1.0,1.0,1.0,1.0,1.0,1.0,1.0,1.0,1.0,1.0,1.0,1.0,1.0,1.0,1.0,1.0,1.0,1.0,1.0,1.0,1.0,1.0,1.0,1.0,1.0,1.0,1.0,1.0,1.0,1.0,1.0,1.4,1.8,2.2,2.6,3.0
130,active,seeded,membrane,0,,,,,1.0,1.0,1.0,1.0,1.0,1.0,1.0,1.0,1.0,1.0,1.0,1.0,1.0,1.0,1.0,1.0,1.0,1.0,1.0,1.0,1.0,1.0,1.0,1.0,1.0,1.0,1.0,1.0,1.0,1.0,1.0,1.0,1.0,1.0,1.0,1.0,1.2,1.4,1.6,1.8,2.0,2.0,2.0,2.0,2.0,2.0
131,active,seeded,membrane,1,,,,,1.0,1.0,1.0,1.0,1.0,1.0,1.0,1.0,1.0,1.0,1.0,1.0,1.0,1.0,1.0,1.0,1.0,1.0,1.0,1.0,1.0,1.0,1.0,1.0,1.0,1.0,1.0,1.0,1.0,1.0,1.0,1.0,1.0,1.0,1.0,1.0,1.0,1.0,1.0,1.0,1.0,1.0,1.0,1.0,1.0,1.0
132,active,seeded,membrane,2,,,,,1.0,1.0,1.0,1.0,1.0,1.0,1.0,1.0,1.0,1.0,1.0,1.0,1.0,1.0,1.0,1.0,1.0,1.0,1.0,1.0,1.0,1.0,1.0,1.0,1.0,1.0,1.0,1.0,1.0,1.0,1.0,1.0,1.0,1.0,1.0,1.0,1.0,1.0,1.0,1.0,1.0,1.2,1.4,1.6,1.8,2.0
133,active,seeded,membrane,3,,,,,1.0,1.0,1.0,1.0,1.0,1.0,1.0,1.0,1.0,1.0,1.0,1.0,1.0,1.0,1.0,1.0,1.0,1.0,1.0,1.0,1.0,1.0,1.0,1.0,1.0,1.0,1.0,1.0,1.0,1.0,1.0,1.0,1.0,1.0,1.0,1.0,1.2,1.4,1.6,1.8,2.0,2.2,2.4,2.6,2.8,3.0
134,active,seeded,membrane,4,,,,,1.0,1.0,1.0,1.0,1.0,1.0,1.0,1.0,1.0,1.0,1.0,1.0,1.0,1.0,1.0,1.0,1.0,1.0,1.0,1.0,1.0,1.0,1.0,1.0,1.0,1.0,1.0,1.0,1.0,1.0,1.0,1.0,1.0,1.0,1.0,1.0,1.0,1.0,1.0,1.0,1.0,1.0,1.0,1.0,1.0,1.0
135,active,seeded,vesicle,0,,,,,1.0,1.0,1.0,1.0,1.0,1.0,1.2,1.4,1.6,1.8,2.0,2.0,2.0,2.0,2.0,2.0,2.0,2.0,2.0,2.0,2.0,2.2,2.4,2.6,2.8,3.0,3.2,3.4,3.6,3.8,4.0,4.2,4.4,4.6,4.8,5.0,5.0,5.0,5.0,5.0,5.0,5.0,5.0,5.0,5.0,5.0
136,active,seeded,vesicle,1,,,,,1.0,1.0,1.0,1.0,1.0,1.0,1.2,1.4,1.6,1.8,2.0,2.0,2.0,2.0,2.0,2.0,2.2,2.4,2.6,2.8,3.0,3.0,3.0,3.0,3.0,3.0,3.2,3.4,3.6,3.8,4.0,4.0,4.0,4.0,4.0,4.0,4.0,4.0,4.0,4.0,4.0,4.0,4.0,4.0,4.0,4.0
137,active,seeded,vesicle,2,,,,,1.0,1.2,1.4,1.6,1.8,2.0,2.0,2.0,2.0,2.0,2.0,2.0,2.0,2.0,2.0,2.0,2.0,2.0,2.0,2.0,2.0,2.0,2.0,2.0,2.0,2.0,2.0,2.0,2.0,2.0,2.0,2.0,2.0,2.0,2.0,2.0,2.2,2.4,2.6,2.8,3.0,3.0,3.0,3.0,3.0,3.0
138,active,seeded,vesicle,3,,,,,1.0,1.0,1.0,1.0,1.0,1.0,1.0,1.0,1.0,1.0,1.0,1.0,1.0,1.0,1.0,1.0,1.0,1.0,1.0,1.0,1.0,1.0,1.0,1.0,1.0,1.0,1.0,1.0,1.0,1.0,1.0,1.2,1.4,1.6,1.8,2.0,2.2,2.4,2.6,2.8,3.0,3.0,3.0,3.0,3.0,3.0
139,active,seeded,vesicle,4,,,,,1.0,1.0,1.0,1.0,1.0,1.0,1.0,1.0,1.0,1.0,1.0,1.0,1.0,1.0,1.0,1.0,1.0,1.0,1.0,1.0,1.0,1.0,1.0,1.0,1.0,1.0,1.2,1.4,1.6,1.8,2.0,2.0,2.0,2.0,2.0,2.0,2.0,2.0,2.0,2.0,2.0,2.0,2.0,2.0,2.0,2.0
140,active,seeded,wormlike micelle,0,,,,,1.0,1.0,1.0,1.0,1.0,1.0,1.0,1.0,1.0,1.0,1.0,1.0,1.0,1.0,1.0,1.0,1.0,1.0,1.0,1.0,1.0,1.0,1.0,1.0,1.0,1.0,1.0,1.0,1.0,1.0,1.0,1.0,1.0,1.0,1.0,1.0,1.0,1.0,1.0,1.0,1.0,1.0,1.0,1.0,1.0,1.0
141,active,seeded,wormlike micelle,1,,,,,1.0,1.0,1.0,1.0,1.0,1.0,1.0,1.0,1.0,1.0,1.0,1.0,1.0,1.0,1.0,1.0,1.0,1.0,1.0,1.0,1.0,1.0,1.0,1.0,1.0,1.0,1.0,1.0,1.0,1.0,1.0,1.0,1.0,1.0,1.0,1.0,1.0,1.0,1.0,1.0,1.0,1.0,1.0,1.0,1.0,1.0
142,active,seeded,wormlike micelle,2,,,,,1.0,1.0,1.0,1.0,1.0,1.0,1.0,1.0,1.0,1.0,1.0,1.0,1.0,1.0,1.0,1.0,1.0,1.0,1.0,1.0,1.0,1.0,1.0,1.0,1.0,1.0,1.0,1.0,1.0,1.0,1.0,1.0,1.0,1.0,1.0,1.0,1.0,1.0,1.0,1.0,1.0,1.0,1.0,1.0,1.0,1.0
143,active,seeded,wormlike micelle,3,,,,,1.0,1.0,1.0,1.0,1.0,1.0,1.0,1.0,1.0,1.0,1.0,1.0,1.0,1.0,1.0,1.0,1.0,1.0,1.0,1.0,1.0,1.0,1.0,1.0,1.0,1.0,1.0,1.0,1.0,1.0,1.0,1.0,1.0,1.0,1.0,1.0,1.2,1.4,1.6,1.8,2.0,2.4,2.8,3.2,3.6,4.0
144,active,seeded,wormlike micelle,4,,,,,1.0,1.0,1.0,1.0,1.0,1.0,1.2,1.4,1.6,1.8,2.0,2.0,2.0,2.0,2.0,2.0,2.8,3.6,4.4,5.2,6.0,6.2,6.4,6.6,6.8,7.0,7.0,7.0,7.0,7.0,7.0,7.4,7.8,8.2,8.6,9.0,9.0,9.0,9.0,9.0,9.0,9.4,9.8,10.2,10.6,11.0
145,active,seeded,spherical micelle,0,,,,,1.0,1.0,1.0,1.0,1.0,1.0,1.0,1.0,1.0,1.0,1.0,1.0,1.0,1.0,1.0,1.0,1.0,1.0,1.0,1.0,1.0,1.0,1.0,1.0,1.0,1.0,1.0,1.0,1.0,1.0,1.0,1.0,1.0,1.0,1.0,1.0,1.0,1.0,1.0,1.0,1.0,1.0,1.0,1.0,1.0,1.0
146,active,seeded,spherical micelle,1,,,,,1.0,1.0,1.0,1.0,1.0,1.0,1.0,1.0,1.0,1.0,1.0,1.0,1.0,1.0,1.0,1.0,1.0,1.0,1.0,1.0,1.0,1.0,1.0,1.0,1.0,1.0,1.0,1.0,1.0,1.0,1.0,1.0,1.0,1.0,1.0,1.0,1.0,1.0,1.0,1.0,1.0,1.0,1.0,1.0,1.0,1.0
147,active,seeded,spherical micelle,2,,,,,1.0,1.0,1.0,1.0,1.0,1.0,1.0,1.0,1.0,1.0,1.0,1.0,1.0,1.0,1.0,1.0,1.0,1.0,1.0,1.0,1.0,1.0,1.0,1.0,1.0,1.0,1.0,1.0,1.0,1.0,1.0,1.0,1.0,1.0,1.0,1.0,1.0,1.0,1.0,1.0,1.0,1.0,1.0,1.0,1.0,1.0
148,active,seeded,spherical micelle,3,,,,,1.0,1.0,1.0,1.0,1.0,1.0,1.0,1.0,1.0,1.0,1.0,1.0,1.0,1.0,1.0,1.0,1.0,1.0,1.0,1.0,1.0,1.0,1.0,1.0,1.0,1.0,1.0,1.0,1.0,1.0,1.0,1.0,1.0,1.0,1.0,1.0,1.0,1.0,1.0,1.0,1.0,1.0,1.0,1.0,1.0,1.0
149,active,seeded,spherical micelle,4,,,,,1.0,1.0,1.0,1.0,1.0,1.0,1.0,1.0,1.0,1.0,1.0,1.0,1.0,1.0,1.0,1.0,1.0,1.0,1.0,1.0,1.0,1.0,1.0,1.0,1.0,1.0,1.0,1.0,1.0,1.0,1.0,1.0,1.0,1.0,1.0,1.0,1.0,1.0,1.0,1.0,1.0,1.0,1.0,1.0,1.0,1.0
150,active,unseeded,liquid,0,,,,,0.0,0.0,0.0,0.0,0.0,0.0,0.0,0.0,0.0,0.0,0.0,0.0,0.0,0.0,0.0,0.0,0.0,0.0,0.0,0.0,0.0,0.0,0.0,0.0,0.0,0.0,0.0,0.0,0.0,0.0,0.0,0.2,0.4,0.6000000000000001,0.8,1.0,1.0,1.0,1.0,1.0,1.0,1.0,1.0,1.0,1.0,1.0
151,active,unseeded,liquid,1,,,,,0.0,0.0,0.0,0.0,0.0,0.0,0.0,0.0,0.0,0.0,0.0,0.0,0.0,0.0,0.0,0.0,0.0,0.0,0.0,0.0,0.0,0.0,0.0,0.0,0.0,0.0,0.0,0.0,0.0,0.0,0.0,0.0,0.0,0.0,0.0,0.0,0.0,0.0,0.0,0.0,0.0,0.0,0.0,0.0,0.0,0.0
152,active,unseeded,liquid,2,,,,,1.0,1.0,1.0,1.0,1.0,1.0,1.0,1.0,1.0,1.0,1.0,1.2,1.4,1.6,1.8,2.0,2.0,2.0,2.0,2.0,2.0,2.2,2.4,2.6,2.8,3.0,3.2,3.4,3.6,3.8,4.0,4.0,4.0,4.0,4.0,4.0,4.0,4.0,4.0,4.0,4.0,4.0,4.0,4.0,4.0,4.0
153,active,unseeded,liquid,3,,,,,0.0,0.0,0.0,0.0,0.0,0.0,0.0,0.0,0.0,0.0,0.0,0.0,0.0,0.0,0.0,0.0,0.0,0.0,0.0,0.0,0.0,0.2,0.4,0.6000000000000001,0.8,1.0,1.0,1.0,1.0,1.0,1.0,1.0,1.0,1.0,1.0,1.0,1.0,1.0,1.0,1.0,1.0,1.0,1.0,1.0,1.0,1.0
154,active,unseeded,liquid,4,,,,,0.0,0.0,0.0,0.0,0.0,0.0,0.0,0.0,0.0,0.0,0.0,0.0,0.0,0.0,0.0,0.0,0.0,0.0,0.0,0.0,0.0,0.0,0.0,0.0,0.0,0.0,0.0,0.0,0.0,0.0,0.0,0.0,0.0,0.0,0.0,0.0,0.0,0.0,0.0,0.0,0.0,0.0,0.0,0.0,0.0,0.0
155,active,unseeded,string,0,,,,,0.0,0.0,0.0,0.0,0.0,0.0,0.0,0.0,0.0,0.0,0.0,0.0,0.0,0.0,0.0,0.0,0.0,0.0,0.0,0.0,0.0,0.0,0.0,0.0,0.0,0.0,0.0,0.0,0.0,0.0,0.0,0.0,0.0,0.0,0.0,0.0,0.0,0.0,0.0,0.0,0.0,0.0,0.0,0.0,0.0,0.0
156,active,unseeded,string,1,,,,,0.0,0.0,0.0,0.0,0.0,0.0,0.0,0.0,0.0,0.0,0.0,0.0,0.0,0.0,0.0,0.0,0.0,0.0,0.0,0.0,0.0,0.0,0.0,0.0,0.0,0.0,0.2,0.4,0.6000000000000001,0.8,1.0,1.2,1.4,1.6,1.8,2.0,2.2,2.4,2.6,2.8,3.0,3.0,3.0,3.0,3.0,3.0
157,active,unseeded,string,2,,,,,0.0,0.0,0.0,0.0,0.0,0.0,0.0,0.0,0.0,0.0,0.0,0.0,0.0,0.0,0.0,0.0,0.0,0.0,0.0,0.0,0.0,0.0,0.0,0.0,0.0,0.0,0.0,0.0,0.0,0.0,0.0,0.0,0.0,0.0,0.0,0.0,0.0,0.0,0.0,0.0,0.0,0.2,0.4,0.6000000000000001,0.8,1.0
158,active,unseeded,string,3,,,,,0.0,0.0,0.0,0.0,0.0,0.0,0.0,0.0,0.0,0.0,0.0,0.0,0.0,0.0,0.0,0.0,0.0,0.0,0.0,0.0,0.0,0.2,0.4,0.6000000000000001,0.8,1.0,1.2,1.4,1.6,1.8,2.0,2.0,2.0,2.0,2.0,2.0,2.2,2.4,2.6,2.8,3.0,3.2,3.4,3.6,3.8,4.0
159,active,unseeded,string,4,,,,,0.0,0.0,0.0,0.0,0.0,0.0,0.0,0.0,0.0,0.0,0.0,0.0,0.0,0.0,0.0,0.0,0.0,0.0,0.0,0.0,0.0,0.0,0.0,0.0,0.0,0.0,0.0,0.0,0.0,0.0,0.0,0.0,0.0,0.0,0.0,0.0,0.0,0.0,0.0,0.0,0.0,0.0,0.0,0.0,0.0,0.0
160,active,unseeded,membrane,0,,,,,0.0,0.0,0.0,0.0,0.0,0.0,0.2,0.4,0.6000000000000001,0.8,1.0,1.0,1.0,1.0,1.0,1.0,1.2,1.4,1.6,1.8,2.0,2.0,2.0,2.0,2.0,2.0,2.0,2.0,2.0,2.0,2.0,2.0,2.0,2.0,2.0,2.0,2.0,2.0,2.0,2.0,2.0,2.0,2.0,2.0,2.0,2.0
161,active,unseeded,membrane,1,,,,,0.0,0.0,0.0,0.0,0.0,0.0,0.0,0.0,0.0,0.0,0.0,0.0,0.0,0.0,0.0,0.0,0.0,0.0,0.0,0.0,0.0,0.0,0.0,0.0,0.0,0.0,0.0,0.0,0.0,0.0,0.0,0.2,0.4,0.6000000000000001,0.8,1.0,1.0,1.0,1.0,1.0,1.0,1.0,1.0,1.0,1.0,1.0
162,active,unseeded,membrane,2,,,,,0.0,0.0,0.0,0.0,0.0,0.0,0.0,0.0,0.0,0.0,0.0,0.2,0.4,0.6000000000000001,0.8,1.0,1.0,1.0,1.0,1.0,1.0,1.0,1.0,1.0,1.0,1.0,1.0,1.0,1.0,1.0,1.0,1.0,1.0,1.0,1.0,1.0,1.0,1.0,1.0,1.0,1.0,1.0,1.0,1.0,1.0,1.0
163,active,unseeded,membrane,3,,,,,0.0,0.0,0.0,0.0,0.0,0.0,0.0,0.0,0.0,0.0,0.0,0.0,0.0,0.0,0.0,0.0,0.0,0.0,0.0,0.0,0.0,0.0,0.0,0.0,0.0,0.0,0.0,0.0,0.0,0.0,0.0,0.0,0.0,0.0,0.0,0.0,0.0,0.0,0.0,0.0,0.0,0.0,0.0,0.0,0.0,0.0
164,active,unseeded,membrane,4,,,,,0.0,0.0,0.0,0.0,0.0,0.0,0.0,0.0,0.0,0.0,0.0,0.2,0.4,0.6000000000000001,0.8,1.0,1.0,1.0,1.0,1.0,1.0,1.4,1.8,2.2,2.6,3.0,3.2,3.4,3.6,3.8,4.0,4.0,4.0,4.0,4.0,4.0,4.2,4.4,4.6,4.8,5.0,5.0,5.0,5.0,5.0,5.0
165,active,unseeded,vesicle,0,,,,,0.0,0.2,0.4,0.6000000000000001,0.8,1.0,1.0,1.0,1.0,1.0,1.0,1.2,1.4,1.6,1.8,2.0,2.0,2.0,2.0,2.0,2.0,2.2,2.4,2.6,2.8,3.0,3.0,3.0,3.0,3.0,3.0,3.0,3.0,3.0,3.0,3.0,3.0,3.0,3.0,3.0,3.0,3.0,3.0,3.0,3.0,3.0
166,active,unseeded,vesicle,1,,,,,0.0,0.2,0.4,0.6000000000000001,0.8,1.0,1.0,1.0,1.0,1.0,1.0,1.0,1.0,1.0,1.0,1.0,1.0,1.0,1.0,1.0,1.0,1.0,1.0,1.0,1.0,1.0,1.0,1.0,1.0,1.0,1.0,1.6,2.2,2.8,3.4,4.0,4.4,4.8,5.2,5.6,6.0,6.0,6.0,6.0,6.0,6.0
167,active,unseeded,vesicle,2,,,,,0.0,0.0,0.0,0.0,0.0,0.0,0.0,0.0,0.0,0.0,0.0,0.0,0.0,0.0,0.0,0.0,0.0,0.0,0.0,0.0,0.0,0.0,0.0,0.0,0.0,0.0,0.0,0.0,0.0,0.0,0.0,0.0,0.0,0.0,0.0,0.0,0.0,0.0,0.0,0.0,0.0,0.0,0.0,0.0,0.0,0.0
168,active,unseeded,vesicle,3,,,,,0.0,0.0,0.0,0.0,0.0,0.0,0.0,0.0,0.0,0.0,0.0,0.0,0.0,0.0,0.0,0.0,0.0,0.0,0.0,0.0,0.0,0.0,0.0,0.0,0.0,0.0,0.0,0.0,0.0,0.0,0.0,0.0,0.0,0.0,0.0,0.0,0.0,0.0,0.0,0.0,0.0,0.0,0.0,0.0,0.0,0.0
169,active,unseeded,vesicle,4,,,,,0.0,0.0,0.0,0.0,0.0,0.0,0.0,0.0,0.0,0.0,0.0,0.0,0.0,0.0,0.0,0.0,0.0,0.0,0.0,0.0,0.0,0.0,0.0,0.0,0.0,0.0,0.0,0.0,0.0,0.0,0.0,0.0,0.0,0.0,0.0,0.0,0.0,0.0,0.0,0.0,0.0,0.0,0.0,0.0,0.0,0.0
170,active,unseeded,wormlike micelle,0,,,,,0.0,0.0,0.0,0.0,0.0,0.0,0.0,0.0,0.0,0.0,0.0,0.0,0.0,0.0,0.0,0.0,0.0,0.0,0.0,0.0,0.0,0.0,0.0,0.0,0.0,0.0,0.0,0.0,0.0,0.0,0.0,0.0,0.0,0.0,0.0,0.0,0.0,0.0,0.0,0.0,0.0,0.0,0.0,0.0,0.0,0.0
171,active,unseeded,wormlike micelle,1,,,,,0.0,0.0,0.0,0.0,0.0,0.0,0.0,0.0,0.0,0.0,0.0,0.0,0.0,0.0,0.0,0.0,0.0,0.0,0.0,0.0,0.0,0.2,0.4,0.6000000000000001,0.8,1.0,1.0,1.0,1.0,1.0,1.0,1.2,1.4,1.6,1.8,2.0,2.0,2.0,2.0,2.0,2.0,2.0,2.0,2.0,2.0,2.0
172,active,unseeded,wormlike micelle,2,,,,,0.0,0.0,0.0,0.0,0.0,0.0,0.0,0.0,0.0,0.0,0.0,0.0,0.0,0.0,0.0,0.0,0.0,0.0,0.0,0.0,0.0,0.0,0.0,0.0,0.0,0.0,0.0,0.0,0.0,0.0,0.0,0.0,0.0,0.0,0.0,0.0,0.0,0.0,0.0,0.0,0.0,0.0,0.0,0.0,0.0,0.0
173,active,unseeded,wormlike micelle,3,,,,,0.0,0.2,0.4,0.6000000000000001,0.8,1.0,1.0,1.0,1.0,1.0,1.0,1.0,1.0,1.0,1.0,1.0,1.0,1.0,1.0,1.0,1.0,1.0,1.0,1.0,1.0,1.0,1.0,1.0,1.0,1.0,1.0,1.0,1.0,1.0,1.0,1.0,1.0,1.0,1.0,1.0,1.0,1.0,1.0,1.0,1.0,1.0
174,active,unseeded,wormlike micelle,4,,,,,0.0,0.0,0.0,0.0,0.0,0.0,0.0,0.0,0.0,0.0,0.0,0.0,0.0,0.0,0.0,0.0,0.0,0.0,0.0,0.0,0.0,0.0,0.0,0.0,0.0,0.0,0.0,0.0,0.0,0.0,0.0,0.0,0.0,0.0,0.0,0.0,0.0,0.0,0.0,0.0,0.0,0.0,0.0,0.0,0.0,0.0
175,active,unseeded,spherical micelle,0,,,,,0.0,0.0,0.0,0.0,0.0,0.0,0.0,0.0,0.0,0.0,0.0,0.0,0.0,0.0,0.0,0.0,0.0,0.0,0.0,0.0,0.0,0.0,0.0,0.0,0.0,0.0,0.0,0.0,0.0,0.0,0.0,0.0,0.0,0.0,0.0,0.0,0.0,0.0,0.0,0.0,0.0,0.0,0.0,0.0,0.0,0.0
176,active,unseeded,spherical micelle,1,,,,,0.0,0.0,0.0,0.0,0.0,0.0,0.0,0.0,0.0,0.0,0.0,0.0,0.0,0.0,0.0,0.0,0.0,0.0,0.0,0.0,0.0,0.0,0.0,0.0,0.0,0.0,0.0,0.0,0.0,0.0,0.0,0.0,0.0,0.0,0.0,0.0,0.0,0.0,0.0,0.0,0.0,0.0,0.0,0.0,0.0,0.0
177,active,unseeded,spherical micelle,2,,,,,0.0,0.0,0.0,0.0,0.0,0.0,0.0,0.0,0.0,0.0,0.0,0.0,0.0,0.0,0.0,0.0,0.0,0.0,0.0,0.0,0.0,0.0,0.0,0.0,0.0,0.0,0.0,0.0,0.0,0.0,0.0,0.0,0.0,0.0,0.0,0.0,0.0,0.0,0.0,0.0,0.0,0.0,0.0,0.0,0.0,0.0
178,active,unseeded,spherical micelle,3,,,,,0.0,0.0,0.0,0.0,0.0,0.0,0.0,0.0,0.0,0.0,0.0,0.0,0.0,0.0,0.0,0.0,0.0,0.0,0.0,0.0,0.0,0.0,0.0,0.0,0.0,0.0,0.0,0.0,0.0,0.0,0.0,0.0,0.0,0.0,0.0,0.0,0.0,0.0,0.0,0.0,0.0,0.0,0.0,0.0,0.0,0.0
179,active,unseeded,spherical micelle,4,,,,,0.0,0.0,0.0,0.0,0.0,0.0,0.0,0.0,0.0,0.0,0.0,0.0,0.0,0.0,0.0,0.0,0.0,0.0,0.0,0.0,0.0,0.0,0.0,0.0,0.0,0.0,0.0,0.0,0.0,0.0,0.0,0.0,0.0,0.0,0.0,0.0,0.0,0.0,0.0,0.0,0.0,0.0,0.0,0.0,0.0,0.0
180,evolutionary,seeded,liquid,0,,,,,1.0,1.0,1.0,1.0,1.0,1.0,1.0,1.0,1.0,1.0,1.0,1.0,1.0,1.0,1.0,1.0,1.0,1.0,1.0,1.0,1.0,1.0,1.0,1.5,2.0,2.0,3.0,4.0,4.0,4.0,4.0,4.0,4.0,4.0,4.0,5.0,6.0,6.0,6.0,6.0,6.0,6.0,6.5,7.0,7.0,7.0
181,evolutionary,seeded,liquid,1,,,,,1.0,1.0,1.0,1.0,1.0,1.0,2.0,3.0,3.5,4.0,4.0,4.0,4.0,4.0,4.0,4.0,4.0,4.0,4.0,5.0,5.0,6.0,6.0,6.333333333333333,6.666666666666667,7.0,7.0,7.0,8.0,8.0,8.0,8.0,8.0,8.0,8.0,8.0,8.0,8.0,9.0,,,,,,,
182,evolutionary,seeded,liquid,2,,,,,1.0,1.3333333333333333,1.6666666666666665,2.0,3.0,3.0,3.3333333333333335,3.6666666666666665,4.0,4.0,4.0,4.0,4.0,4.0,4.0,4.0,4.0,4.0,5.0,5.0,5.0,5.0,5.0,5.0,5.0,5.5,6.0,6.0,6.0,6.0,6.0,6.0,6.0,6.0,6.0,6.0,6.0,6.0,6.0,7.0,7.0,7.0,7.0,7.0,7.0,
183,evolutionary,seeded,liquid,3,,,,,1.0,1.0,1.3333333333333333,1.6666666666666665,2.0,2.0,2.0,2.5,3.0,3.0,4.0,4.0,4.0,4.0,4.0,4.0,4.0,4.0,4.0,5.0,5.0,5.0,5.0,5.0,5.0,5.0,5.0,5.0,5.0,5.0,6.0,6.0,7.0,8.0,8.0,8.0,8.333333333333334,8.666666666666666,9.0,9.0,,,,,,
184,evolutionary,seeded,liquid,4,,,,,1.0,1.0,1.0,1.5,2.0,3.0,3.0,3.0,3.0,4.0,4.0,4.0,4.0,4.5,5.0,5.666666666666667,6.333333333333333,7.0,7.0,7.5,8.0,8.0,9.0,9.0,9.0,9.0,9.0,9.0,10.0,10.5,11.0,11.0,11.0,11.0,11.0,12.0,12.0,12.0,12.0,12.0,12.0,12.0,,,,
185,evolutionary,seeded,string,0,,,,,1.0,1.0,1.0,1.0,1.0,1.0,1.0,1.0,1.0,1.0,1.0,2.0,2.0,2.0,2.0,2.0,2.0,2.0,2.0,2.0,2.0,2.0,2.0,2.0,2.0,2.5,3.0,3.0,3.0,3.0,3.0,3.5,4.0,4.0,4.0,4.0,4.0,4.0,4.0,4.0,4.0,4.0,4.0,4.0,4.5,5.0
186,evolutionary,seeded,string,1,,,,,1.0,2.0,2.0,2.0,2.0,2.0,3.0,3.0,3.0,3.0,4.0,4.0,4.0,4.0,4.0,4.0,4.5,5.0,6.0,7.0,7.0,8.0,9.0,9.0,9.0,9.0,9.0,9.0,9.0,10.0,10.0,10.0,10.0,10.0,10.0,10.0,10.0,10.0,10.0,,,,,,,
187,evolutionary,seeded,string,2,,,,,1.0,1.0,1.0,1.0,1.0,1.0,1.3333333333333333,1.6666666666666665,2.0,2.0,2.5,3.0,3.0,3.0,3.0,3.0,3.0,3.0,3.0,3.0,3.0,3.0,3.0,3.0,3.0,3.0,3.0,3.0,3.0,3.0,3.0,3.0,3.0,3.0,3.0,3.0,3.0,3.0,3.0,3.0,3.0,3.0,4.0,4.0,4.0,
188,evolutionary,seeded,string,3,,,,,1.0,1.0,1.0,1.0,1.0,1.0,1.0,1.0,1.0,1.0,1.0,1.5,2.0,2.0,3.0,3.0,3.0,3.0,3.0,3.0,3.0,3.0,3.0,3.0,3.0,4.0,4.0,4.0,4.0,4.0,4.0,4.0,4.0,5.0,5.0,5.0,5.0,5.0,5.0,5.0,5.0,5.0,,,,
189,evolutionary,seeded,string,4,,,,,1.0,1.0,1.0,1.0,1.0,2.0,2.0,2.0,2.0,2.0,2.0,2.0,2.0,2.0,2.0,2.0,2.0,2.0,2.0,2.5,3.0,3.0,4.0,4.0,4.0,4.0,4.0,4.0,4.0,4.5,5.0,5.0,5.0,5.0,5.0,5.0,5.5,6.0,6.0,6.0,6.0,6.0,,,,
190,evolutionary,seeded,membrane,0,,,,,1.0,1.0,1.0,1.0,1.0,1.0,1.0,1.0,1.0,1.0,1.0,1.0,1.0,1.0,1.0,1.0,1.0,1.0,1.0,1.0,1.0,1.0,1.0,1.0,1.0,1.0,2.0,2.0,2.0,2.0,2.0,2.0,2.0,2.0,2.0,2.0,3.0,3.0,3.0,3.0,3.0,3.0,3.0,3.5,4.0,4.0
191,evolutionary,seeded,membrane,1,,,,,1.0,1.0,1.0,1.0,1.0,1.0,1.0,1.0,1.0,1.0,1.0,1.0,1.0,1.0,1.0,1.5,2.0,2.0,2.0,2.0,2.0,2.0,2.0,2.0,2.0,2.0,2.0,2.0,2.0,2.0,3.0,3.0,3.0,3.0,3.0,3.0,3.0,3.0,3.0,3.0,4.0,,,,,
192,evolutionary,seeded,membrane,2,,,,,1.0,1.0,1.0,1.0,1.0,1.0,1.0,1.0,1.0,1.0,1.0,1.0,1.5,2.0,2.0,2.0,2.0,2.0,3.0,3.0,3.0,3.0,3.0,3.0,3.0,3.0,3.0,3.0,3.0,3.0,3.0,3.0,3.0,3.0,3.0,3.0,3.0,3.5,4.0,4.0,4.5,5.0,6.0,6.0,6.0,
193,evolutionary,seeded,membrane,3,,,,,1.0,1.0,1.3333333333333333,1.6666666666666665,2.0,2.0,2.0,2.0,2.0,2.0,2.0,2.0,2.0,2.0,2.0,2.0,2.0,2.0,2.0,2.0,2.0,2.0,2.0,2.0,2.0,2.0,2.0,2.0,2.0,2.0,2.0,2.0,3.0,3.0,3.0,3.0,3.0,3.0,3.0,3.0,,,,,,
194,evolutionary,seeded,membrane,4,,,,,1.0,1.0,1.0,1.0,1.0,1.0,1.0,1.0,1.0,1.0,1.0,1.0,1.0,1.0,1.0,1.0,1.3333333333333333,1.6666666666666665,2.0,2.0,2.0,2.0,2.0,2.0,2.0,2.0,2.0,2.0,2.0,2.0,2.0,2.0,2.0,2.0,2.0,2.0,3.0,3.0,3.0,3.0,3.0,3.0,3.0,3.0,,
195,evolutionary,seeded,vesicle,0,,,,,1.0,1.0,1.0,1.0,1.0,1.0,1.0,1.0,1.0,1.0,1.0,1.0,1.0,1.0,1.0,1.0,1.0,1.0,1.0,1.0,1.0,1.0,1.0,1.0,1.0,1.0,1.0,1.5,2.0,2.0,2.0,3.0,3.0,3.0,3.0,3.0,3.0,4.0,4.0,4.0,5.0,5.5,6.0,7.0,7.0,7.0
196,evolutionary,seeded,vesicle,1,,,,,1.0,2.0,2.0,2.0,2.0,2.0,2.0,2.0,2.0,2.0,3.0,3.0,3.0,3.0,3.0,3.0,3.5,4.0,5.0,6.0,6.0,6.0,6.0,6.333333333333333,6.666666666666667,7.0,7.0,7.0,7.0,7.0,7.0,7.0,7.333333333333333,7.666666666666667,8.0,9.0,9.0,10.0,10.0,,,,,,,
197,evolutionary,seeded,vesicle,2,,,,,1.0,1.3333333333333333,1.6666666666666665,2.0,2.0,2.0,2.3333333333333335,2.6666666666666665,3.0,3.0,3.0,3.0,3.0,3.0,3.0,3.0,3.5,4.0,4.0,4.0,4.0,4.0,4.0,4.0,4.0,4.5,5.0,5.0,5.0,5.0,5.0,5.0,5.0,5.0,5.0,5.0,5.0,5.0,5.0,5.0,5.0,5.0,6.0,6.0,6.0,
198,evolutionary,seeded,vesicle,3,,,,,1.0,1.0,1.0,1.0,1.0,1.0,1.0,1.0,1.0,2.0,2.0,2.0,2.0,2.0,2.0,2.0,2.0,2.0,2.0,3.0,3.0,3.0,3.0,3.0,3.0,3.0,3.0,3.0,4.0,4.0,4.0,4.0,4.0,4.0,4.0,4.0,4.0,4.0,,,,,,,,
199,evolutionary,seeded,vesicle,4,,,,,1.0,1.0,1.0,1.0,2.0,2.0,2.0,2.0,2.0,2.0,2.0,2.0,2.0,2.0,2.0,2.0,2.0,2.0,2.0,2.0,2.0,2.0,2.0,2.0,2.0,2.0,2.0,2.0,2.5,3.0,3.0,3.0,3.0,3.0,3.0,3.0,3.0,3.0,3.0,3.0,3.0,,,,,
200,evolutionary,seeded,wormlike micelle,0,,,,,1.0,1.0,1.0,1.0,1.25,1.5,1.75,2.0,2.0,2.0,2.0,2.0,2.0,2.5,3.0,3.0,3.0,3.5,4.0,4.0,4.0,4.0,4.0,4.0,4.5,5.0,5.0,6.0,6.0,7.0,7.0,7.0,7.0,7.0,7.0,7.0,7.0,7.0,8.0,8.5,9.0,9.0,9.0,9.0,9.5,10.0
201,evolutionary,seeded,wormlike micelle,1,,,,,1.0,2.0,2.0,2.0,2.0,2.0,2.0,2.0,2.5,3.0,3.0,3.0,3.0,3.0,3.0,3.0,3.0,3.0,4.0,5.0,5.0,5.0,5.0,5.333333333333333,5.666666666666667,6.0,6.0,6.0,6.0,6.0,6.0,6.0,6.333333333333333,6.666666666666667,7.0,8.0,8.0,9.0,10.0,,,,,,,
202,evolutionary,seeded,wormlike micelle,2,,,,,1.0,1.0,1.0,1.0,1.0,1.0,1.0,1.0,1.0,1.0,1.0,1.0,1.0,1.0,1.0,1.0,1.5,2.0,2.0,2.0,2.0,2.0,2.0,2.5,3.0,4.0,5.0,5.0,5.0,5.0,5.0,5.0,5.0,5.0,5.0,6.0,6.0,6.0,6.0,6.0,6.0,6.0,7.0,7.0,7.0,
203,evolutionary,seeded,wormlike micelle,3,,,,,1.0,1.0,1.0,1.0,1.0,1.0,1.0,1.0,1.0,2.0,2.0,2.0,2.0,2.0,2.0,2.0,3.0,3.0,3.0,4.0,4.0,4.0,4.5,5.0,5.0,5.0,5.0,5.0,6.0,6.0,7.0,7.0,7.0,7.0,7.333333333333333,7.666666666666667,8.0,8.0,,,,,,,,
204,evolutionary,seeded,wormlike micelle,4,,,,,1.0,1.0,1.0,1.0,2.0,3.0,4.0,4.0,4.0,4.0,5.0,5.0,5.0,5.0,5.0,5.0,5.0,5.0,5.0,5.0,5.0,5.0,5.0,5.0,5.0,5.0,5.0,5.0,5.0,6.0,6.0,6.0,6.0,6.0,6.0,6.0,7.0,7.5,8.0,8.0,8.0,9.0,9.0,9.0,,
205,evolutionary,seeded,spherical micelle,0,,,,,1.0,1.3333333333333333,1.6666666666666665,2.0,2.0,2.0,2.0,2.0,2.0,2.0,2.0,2.0,2.0,2.0,2.0,2.0,2.0,2.0,2.0,2.0,2.0,2.0,2.0,2.0,2.0,2.0,2.0,2.0,2.0,2.0,2.0,2.0,2.0,2.0,2.0,2.0,3.0,4.0,4.0,4.0,4.0,4.0,4.0,4.5,5.0,5.0
206,evolutionary,seeded,spherical micelle,1,,,,,1.0,2.0,3.0,3.0,3.0,3.0,3.0,3.0,3.0,3.0,4.0,4.0,4.0,4.5,5.0,5.0,5.0,5.0,6.0,7.0,7.0,7.0,8.0,8.333333333333334,8.666666666666666,9.0,9.0,9.0,9.0,9.0,9.0,9.0,9.333333333333334,9.666666666666666,10.0,11.0,11.0,12.0,13.0,,,,,,,
207,evolutionary,seeded,spherical micelle,2,,,,,1.0,1.0,1.0,1.0,1.0,1.0,1.3333333333333333,1.6666666666666665,2.0,3.0,3.5,4.0,4.0,4.0,4.5,5.0,5.5,6.0,6.0,6.0,6.0,6.0,6.0,6.0,6.0,6.5,7.0,7.0,7.0,7.0,7.0,7.0,7.0,7.0,7.0,8.0,8.0,8.5,9.0,9.0,9.0,9.0,10.0,10.0,10.0,
208,evolutionary,seeded,spherical micelle,3,,,,,1.0,1.0,1.0,1.0,1.0,1.0,1.0,1.0,1.0,2.0,2.0,2.0,2.0,2.0,2.0,3.0,3.0,3.0,3.0,4.0,4.0,4.0,4.5,5.0,5.0,5.0,6.0,6.0,7.0,7.0,8.0,8.0,8.0,8.0,8.666666666666666,9.333333333333334,10.0,10.0,,,,,,,,
209,evolutionary,seeded,spherical micelle,4,,,,,1.0,1.0,1.0,1.0,1.0,2.0,2.0,2.0,2.0,3.0,3.0,3.0,3.0,3.5,4.0,4.0,4.0,4.0,4.0,4.0,4.0,4.0,4.0,4.0,5.0,5.0,5.0,5.0,5.0,5.5,6.0,6.0,7.0,7.0,7.0,8.0,8.0,8.0,8.5,9.0,10.0,10.0,10.0,,,
210,evolutionary,unseeded,liquid,0,,,,,0.0,0.0,0.0,0.0,0.0,0.0,0.0,0.0,0.0,0.0,0.0,0.0,0.0,0.0,0.0,0.0,0.0,0.0,0.0,0.5,1.0,1.0,1.3333333333333333,1.6666666666666665,2.0,2.75,3.5,4.25,5.0,5.0,6.0,6.0,6.0,7.0,7.0,7.0,7.0,7.0,8.0,9.0,10.0,10.0,10.0,10.0,10.0,10.0
211,evolutionary,unseeded,liquid,1,,,,,0.0,1.0,1.0,1.0,1.0,2.0,2.0,3.0,3.5,4.0,4.0,4.0,4.0,4.5,5.0,5.0,5.0,5.0,5.0,6.0,7.0,8.0,8.0,8.0,8.0,8.0,8.0,8.0,9.0,10.0,10.5,11.0,11.0,11.333333333333334,11.666666666666666,12.0,13.0,13.0,14.0,15.0,15.0,15.0,15.0,,,
212,evolutionary,unseeded,liquid,2,,,,,0.0,0.0,0.0,1.0,1.0,1.3333333333333333,1.6666666666666665,2.0,3.0,3.5,4.0,4.5,5.0,5.5,6.0,6.0,6.0,6.0,6.0,6.5,7.0,7.0,7.0,7.0,7.5,8.0,8.333333333333334,8.666666666666666,9.0,9.0,9.0,10.0,10.0,10.0,10.0,10.0,10.5,11.0,12.0,12.333333333333334,12.666666666666666,13.0,13.0,13.5,14.0,
213,evolutionary,unseeded,liquid,3,,,,,0.0,0.0,0.0,0.0,0.0,0.0,0.0,0.0,0.5,1.0,1.0,1.0,1.0,1.5,2.0,3.0,3.0,3.0,3.0,3.0,3.0,3.0,3.0,4.0,4.0,5.0,6.0,6.0,6.5,7.0,7.0,7.0,7.0,7.5,8.0,8.0,9.0,9.0,9.0,9.0,9.0,9.0,9.0,10.0,10.0,10.0
214,evolutionary,unseeded,liquid,4,,,,,0.0,0.0,0.0,0.0,0.5,1.0,2.0,3.0,4.0,5.0,5.0,5.0,5.25,5.5,5.75,6.0,6.0,6.0,6.0,6.0,6.5,7.0,7.333333333333333,7.666666666666667,8.0,8.0,8.0,8.0,8.0,9.0,9.0,9.0,9.0,9.5,10.0,10.0,10.0,10.0,10.5,11.0,11.0,11.0,11.0,11.0,11.0,11.0
215,evolutionary,unseeded,string,0,,,,,0.0,0.0,0.0,0.0,0.0,0.0,0.0,0.0,0.0,0.0,0.0,0.0,0.0,0.0,0.0,0.0,0.0,0.0,0.0,0.0,0.0,0.0,0.0,0.0,0.0,0.0,0.0,0.0,0.0,0.0,0.0,0.0,0.0,0.0,0.0,0.0,0.0,0.0,0.0,0.0,0.0,0.0,0.0,0.0,0.0,0.0
216,evolutionary,unseeded,string,1,,,,,0.0,0.0,0.0,0.0,0.0,0.0,0.0,0.0,0.0,0.0,0.0,0.0,0.0,0.0,0.0,0.0,0.0,0.0,0.0,0.0,0.0,0.0,0.0,0.0,0.0,0.0,0.0,0.0,0.0,0.0,0.0,0.0,0.0,0.0,0.0,0.0,0.0,0.0,0.0,0.0,0.0,0.0,0.0,0.0,,
217,evolutionary,unseeded,string,2,,,,,0.0,0.0,0.0,0.0,0.0,0.0,0.0,0.0,0.0,0.0,0.0,0.0,0.0,0.0,0.0,0.0,0.0,0.0,0.0,0.0,0.0,0.5,1.0,1.0,1.0,1.0,1.5,2.0,2.0,2.0,2.0,2.0,2.0,2.0,2.0,2.0,2.0,2.0,2.5,3.0,3.0,3.3333333333333335,3.6666666666666665,4.0,5.0,5.0
218,evolutionary,unseeded,string,3,,,,,1.0,1.0,1.0,1.0,1.0,1.0,1.0,1.0,1.0,1.0,1.0,1.0,1.0,1.0,1.0,1.0,1.0,1.0,2.0,2.0,2.0,2.0,2.0,2.0,2.0,2.0,2.0,2.0,2.0,2.0,2.0,2.0,2.0,2.0,2.0,2.0,3.0,3.0,3.0,3.0,3.0,3.0,,,,
219,evolutionary,unseeded,string,4,,,,,0.0,0.0,0.0,0.0,0.0,0.0,0.0,0.0,0.0,0.0,0.0,0.0,0.0,0.0,0.0,0.0,0.0,0.0,0.0,0.0,0.0,0.0,0.0,0.0,0.0,0.0,0.0,0.0,0.0,0.0,0.0,0.0,0.0,0.0,0.0,0.0,0.0,0.0,0.0,0.0,0.0,0.0,0.0,0.0,,
220,evolutionary,unseeded,membrane,0,,,,,0.0,0.0,0.0,0.0,0.0,0.0,0.0,0.0,0.0,0.0,0.0,0.0,0.0,0.0,0.0,0.0,0.0,0.0,0.0,0.0,0.0,0.0,0.0,0.0,0.0,0.0,0.0,0.0,0.0,0.0,0.0,0.0,0.0,0.0,0.0,0.0,0.0,0.0,0.0,0.0,0.0,0.0,0.0,0.0,0.0,0.0
221,evolutionary,unseeded,membrane,1,,,,,0.0,0.0,0.0,0.0,0.0,0.0,0.0,0.0,0.5,1.0,1.0,1.0,1.0,1.0,1.0,1.0,1.5,2.0,2.0,2.0,2.0,2.0,2.0,2.0,2.0,2.0,2.0,2.0,2.0,3.0,3.0,3.0,3.0,3.0,3.0,3.0,3.0,3.0,3.0,3.0,3.0,3.0,3.0,,,
222,evolutionary,unseeded,membrane,2,,,,,0.0,0.0,0.0,0.0,0.0,0.0,0.0,0.0,0.0,0.0,0.0,0.0,0.0,0.0,0.0,0.0,0.0,0.0,0.0,0.0,0.0,0.0,0.0,0.0,0.0,0.0,0.0,0.0,0.0,0.0,0.0,0.0,0.0,0.0,0.0,0.0,0.0,0.0,0.0,0.0,0.0,0.0,0.0,0.0,0.0,0.0
223,evolutionary,unseeded,membrane,3,,,,,0.0,0.0,0.0,0.0,0.0,0.0,0.0,0.0,0.0,0.0,0.0,0.0,0.0,0.0,0.0,0.0,0.0,0.0,1.0,1.0,1.0,1.0,1.0,1.0,1.0,1.0,1.0,1.0,1.0,1.0,1.0,1.0,1.0,1.0,1.0,1.0,1.0,1.0,1.0,1.0,1.0,1.0,,,,
224,evolutionary,unseeded,membrane,4,,,,,0.0,0.0,0.0,0.0,0.0,0.0,0.0,0.0,0.0,0.0,0.0,0.0,0.0,0.0,0.0,0.0,0.0,0.0,0.0,0.0,0.0,0.0,0.0,0.0,0.0,0.0,0.0,0.0,0.0,0.0,0.0,0.0,0.0,0.0,0.0,0.0,0.0,0.0,0.0,0.0,0.0,0.0,0.0,0.0,0.0,0.0
225,evolutionary,unseeded,vesicle,0,,,,,0.0,0.0,0.0,0.0,0.0,0.0,0.0,0.0,0.0,0.0,0.0,0.0,0.0,0.0,0.0,0.0,0.0,0.0,0.0,0.0,0.3333333333333333,0.6666666666666666,1.0,1.0,1.0,1.0,1.0,2.0,2.0,3.0,3.0,3.0,3.0,3.5,4.0,4.0,4.0,4.0,4.0,4.5,5.0,5.0,5.0,5.0,5.0,5.0
226,evolutionary,unseeded,vesicle,1,,,,,0.0,0.0,0.0,0.0,0.0,0.0,0.0,0.0,0.0,0.0,0.0,0.0,0.0,0.0,0.0,0.0,0.0,0.0,0.0,0.0,0.0,0.0,0.0,0.0,0.0,0.0,0.0,0.0,0.0,0.0,0.0,0.0,0.0,0.0,0.0,0.0,0.0,0.0,0.0,,,,,,,
227,evolutionary,unseeded,vesicle,2,,,,,0.0,0.0,0.0,0.0,0.0,0.0,0.0,0.0,0.0,0.0,0.0,0.0,0.0,0.0,0.0,0.0,0.0,0.0,0.0,0.0,0.0,0.0,0.0,0.0,0.0,0.0,0.0,0.0,0.0,0.0,0.0,0.0,1.0,1.0,1.0,1.0,1.0,1.0,1.0,1.0,1.0,1.3333333333333333,1.6666666666666665,2.0,2.0,2.0
228,evolutionary,unseeded,vesicle,3,,,,,0.0,0.0,0.0,0.0,0.0,0.0,0.0,0.0,0.0,0.0,0.0,0.0,0.0,0.0,0.0,0.0,0.0,0.0,0.0,0.0,0.0,0.0,0.5,1.0,1.0,1.0,1.0,1.0,1.0,1.0,1.0,1.0,1.0,1.0,1.0,1.0,1.0,1.0,,,,,,,,
229,evolutionary,unseeded,vesicle,4,,,,,0.0,0.0,0.0,0.0,0.0,0.0,0.0,0.0,0.0,0.0,0.0,0.0,0.0,0.0,0.0,0.0,0.0,0.0,0.0,0.0,0.0,0.0,0.0,0.0,0.0,0.0,0.0,0.0,0.0,0.0,0.0,0.0,0.0,0.0,0.0,0.0,0.0,0.0,0.0,0.0,0.0,0.0,0.0,0.0,0.0,0.0
230,evolutionary,unseeded,wormlike micelle,0,,,,,0.0,0.0,0.0,0.0,0.0,0.0,0.0,0.0,0.0,0.0,0.0,0.0,0.0,0.0,0.0,0.0,0.0,0.0,0.0,0.0,0.0,0.0,0.0,0.0,0.0,0.0,0.0,0.0,1.0,1.0,1.0,1.0,1.0,1.0,1.0,1.0,1.0,1.0,1.0,1.0,1.0,1.0,1.0,1.0,1.0,1.0
231,evolutionary,unseeded,wormlike micelle,1,,,,,0.0,0.0,0.0,0.0,0.0,0.0,0.0,0.0,0.0,0.0,0.0,0.5,1.0,1.0,1.0,1.0,1.0,1.0,1.0,1.0,1.0,1.0,1.0,1.0,1.0,1.0,2.0,2.0,2.0,2.0,2.0,2.0,2.0,3.0,4.0,4.0,4.0,4.0,4.0,4.0,4.0,4.0,4.0,4.0,4.0,4.0
232,evolutionary,unseeded,wormlike micelle,2,,,,,0.0,0.0,0.0,0.0,0.0,0.0,0.0,0.0,0.0,0.0,0.0,0.0,0.0,0.0,0.0,0.0,0.0,0.0,0.0,0.5,1.0,1.0,1.0,1.0,1.0,1.0,1.0,1.0,1.0,2.0,2.0,2.0,2.0,3.0,4.0,4.0,4.0,4.0,4.5,5.0,5.0,5.666666666666667,6.333333333333333,7.0,7.0,7.0
233,evolutionary,unseeded,wormlike micelle,3,,,,,0.0,0.0,0.0,0.0,0.0,0.0,0.0,0.0,0.0,0.0,0.0,0.0,0.0,0.0,0.0,0.0,0.0,0.0,0.0,0.0,0.0,0.0,0.0,0.0,0.0,0.0,0.0,0.0,0.0,0.0,0.0,0.0,0.0,0.0,0.0,0.0,0.0,0.0,0.0,0.0,0.0,,,,,
234,evolutionary,unseeded,wormlike micelle,4,,,,,0.0,0.0,0.0,0.0,0.0,0.0,0.0,0.0,0.0,0.0,0.0,0.0,0.0,0.0,0.0,0.0,0.0,0.0,0.0,0.0,0.0,0.0,0.0,1.0,1.0,1.0,1.0,1.0,1.0,1.0,1.0,1.0,1.0,1.0,1.0,1.0,1.0,1.0,1.0,1.0,1.0,1.0,1.5,2.0,,
235,evolutionary,unseeded,spherical micelle,0,,,,,0.0,0.0,0.0,0.0,0.0,0.0,0.0,0.0,0.0,0.0,0.0,0.0,0.0,0.0,0.0,0.0,0.0,0.0,0.0,0.0,0.0,0.0,0.0,0.0,0.0,0.0,0.0,0.0,0.0,0.0,0.0,0.0,1.0,2.0,2.0,2.0,2.0,2.0,2.0,2.5,3.0,3.0,4.0,4.0,4.0,4.0
236,evolutionary,unseeded,spherical micelle,1,,,,,0.0,0.0,0.0,0.0,0.0,0.0,0.0,0.0,0.0,0.0,0.0,0.0,0.0,0.0,0.0,0.0,0.0,0.0,0.0,0.0,0.0,0.0,0.0,0.0,0.0,0.0,0.0,0.0,0.0,0.0,0.0,0.0,0.0,0.0,0.0,0.0,0.0,0.0,0.0,0.0,0.0,0.0,0.0,0.0,,
237,evolutionary,unseeded,spherical micelle,2,,,,,0.0,0.0,0.0,0.0,0.0,0.0,0.0,0.0,0.0,0.0,0.0,0.0,0.0,0.0,0.0,0.0,0.0,0.0,0.0,0.0,0.0,0.0,0.0,0.0,0.0,0.0,0.0,0.0,0.0,1.0,1.0,1.0,1.0,1.5,2.0,2.0,3.0,3.0,3.5,4.0,5.0,5.0,5.0,5.0,5.0,5.0
238,evolutionary,unseeded,spherical micelle,3,,,,,0.0,0.0,0.0,0.0,0.0,0.0,0.0,0.0,0.0,0.0,0.0,0.0,0.0,0.0,0.0,0.0,0.0,0.0,0.0,0.0,0.0,0.0,0.0,0.0,0.0,0.0,0.0,0.0,0.0,0.0,0.0,0.0,0.0,0.0,0.0,0.0,0.0,0.0,0.0,0.0,0.0,,,,,
239,evolutionary,unseeded,spherical micelle,4,,,,,0.0,0.0,0.0,0.0,0.0,0.0,0.0,0.0,0.0,0.0,0.0,0.0,0.0,0.0,0.0,0.0,0.3333333333333333,0.6666666666666666,1.0,1.0,1.0,1.0,1.0,1.0,1.0,1.0,1.0,1.0,1.0,1.0,1.0,1.0,1.0,1.0,1.0,1.0,1.0,1.0,1.0,1.0,1.0,1.0,1.0,1.0,,
240,random,seeded,liquid,0,,,,,0.0,0.0,0.0,0.0,0.0,0.0,0.0,0.0,0.0,0.0,0.0,0.0,0.0,0.0,0.0,0.0,0.0,0.0,0.0,0.0,0.0,0.0,0.0,0.0,0.0,0.0,0.0,0.0,0.0,0.0,0.0,0.0,0.0,0.0,0.0,0.0,0.0,0.0,0.0,0.0,0.0,0.0,0.0,0.0,0.0,0.0
241,random,seeded,liquid,1,,,,,0.0,0.0,0.0,0.0,0.0,0.0,0.0,0.0,0.0,0.0,0.0,0.0,0.0,0.0,0.0,0.0,0.0,0.0,0.0,0.0,0.0,0.0,0.0,0.0,0.0,0.0,0.0,0.0,0.0,0.0,0.0,0.0,0.0,0.0,0.0,0.0,0.0,0.0,0.0,0.0,0.0,0.0,0.0,0.0,0.0,0.0
242,random,seeded,liquid,2,,,,,0.0,0.0,0.0,0.0,0.0,0.0,0.0,0.0,0.0,0.0,0.0,0.0,0.0,0.0,0.0,0.0,0.0,0.0,0.0,0.0,0.0,0.2,0.4,0.6000000000000001,0.8,1.0,1.0,1.0,1.0,1.0,1.0,1.2,1.4,1.6,1.8,2.0,2.0,2.0,2.0,2.0,2.0,2.0,2.0,2.0,2.0,2.0
243,random,seeded,liquid,3,,,,,0.0,0.0,0.0,0.0,0.0,0.0,0.0,0.0,0.0,0.0,0.0,0.0,0.0,0.0,0.0,0.0,0.0,0.0,0.0,0.0,0.0,0.0,0.0,0.0,0.0,0.0,0.0,0.0,0.0,0.0,0.0,0.0,0.0,0.0,0.0,0.0,0.0,0.0,0.0,0.0,0.0,0.0,0.0,0.0,0.0,0.0
244,random,seeded,liquid,4,,,,,0.0,0.2,0.4,0.6000000000000001,0.8,1.0,1.0,1.0,1.0,1.0,1.0,1.2,1.4,1.6,1.8,2.0,2.0,2.0,2.0,2.0,2.0,2.0,2.0,2.0,2.0,2.0,2.0,2.0,2.0,2.0,2.0,2.0,2.0,2.0,2.0,2.0,2.0,2.0,2.0,2.0,2.0,2.0,2.0,2.0,2.0,2.0
245,random,seeded,string,0,,,,,0.0,0.0,0.0,0.0,0.0,0.0,0.0,0.0,0.0,0.0,0.0,0.0,0.0,0.0,0.0,0.0,0.0,0.0,0.0,0.0,0.0,0.0,0.0,0.0,0.0,0.0,0.0,0.0,0.0,0.0,0.0,0.0,0.0,0.0,0.0,0.0,0.0,0.0,0.0,0.0,0.0,0.0,0.0,0.0,0.0,0.0
246,random,seeded,string,1,,,,,0.0,0.0,0.0,0.0,0.0,0.0,0.0,0.0,0.0,0.0,0.0,0.0,0.0,0.0,0.0,0.0,0.0,0.0,0.0,0.0,0.0,0.0,0.0,0.0,0.0,0.0,0.0,0.0,0.0,0.0,0.0,0.0,0.0,0.0,0.0,0.0,0.0,0.0,0.0,0.0,0.0,0.0,0.0,0.0,0.0,0.0
247,random,seeded,string,2,,,,,0.0,0.0,0.0,0.0,0.0,0.0,0.0,0.0,0.0,0.0,0.0,0.0,0.0,0.0,0.0,0.0,0.0,0.0,0.0,0.0,0.0,0.0,0.0,0.0,0.0,0.0,0.0,0.0,0.0,0.0,0.0,0.0,0.0,0.0,0.0,0.0,0.0,0.0,0.0,0.0,0.0,0.0,0.0,0.0,0.0,0.0
248,random,seeded,string,3,,,,,0.0,0.0,0.0,0.0,0.0,0.0,0.0,0.0,0.0,0.0,0.0,0.0,0.0,0.0,0.0,0.0,0.2,0.4,0.6000000000000001,0.8,1.0,1.0,1.0,1.0,1.0,1.0,1.0,1.0,1.0,1.0,1.0,1.0,1.0,1.0,1.0,1.0,1.4,1.8,2.2,2.6,3.0,3.0,3.0,3.0,3.0,3.0
249,random,seeded,string,4,,,,,0.0,0.0,0.0,0.0,0.0,0.0,0.0,0.0,0.0,0.0,0.0,0.0,0.0,0.0,0.0,0.0,0.0,0.0,0.0,0.0,0.0,0.2,0.4,0.6000000000000001,0.8,1.0,1.0,1.0,1.0,1.0,1.0,1.0,1.0,1.0,1.0,1.0,1.0,1.0,1.0,1.0,1.0,1.0,1.0,1.0,1.0,1.0
250,random,seeded,membrane,0,,,,,0.0,0.0,0.0,0.0,0.0,0.0,0.0,0.0,0.0,0.0,0.0,0.0,0.0,0.0,0.0,0.0,0.0,0.0,0.0,0.0,0.0,0.0,0.0,0.0,0.0,0.0,0.0,0.0,0.0,0.0,0.0,0.0,0.0,0.0,0.0,0.0,0.0,0.0,0.0,0.0,0.0,0.0,0.0,0.0,0.0,0.0
251,random,seeded,membrane,1,,,,,0.0,0.0,0.0,0.0,0.0,0.0,0.0,0.0,0.0,0.0,0.0,0.0,0.0,0.0,0.0,0.0,0.0,0.0,0.0,0.0,0.0,0.0,0.0,0.0,0.0,0.0,0.0,0.0,0.0,0.0,0.0,0.0,0.0,0.0,0.0,0.0,0.0,0.0,0.0,0.0,0.0,0.0,0.0,0.0,0.0,0.0
252,random,seeded,membrane,2,,,,,0.0,0.0,0.0,0.0,0.0,0.0,0.0,0.0,0.0,0.0,0.0,0.0,0.0,0.0,0.0,0.0,0.0,0.0,0.0,0.0,0.0,0.0,0.0,0.0,0.0,0.0,0.0,0.0,0.0,0.0,0.0,0.0,0.0,0.0,0.0,0.0,0.0,0.0,0.0,0.0,0.0,0.0,0.0,0.0,0.0,0.0
253,random,seeded,membrane,3,,,,,0.0,0.0,0.0,0.0,0.0,0.0,0.0,0.0,0.0,0.0,0.0,0.0,0.0,0.0,0.0,0.0,0.0,0.0,0.0,0.0,0.0,0.0,0.0,0.0,0.0,0.0,0.0,0.0,0.0,0.0,0.0,0.2,0.4,0.6000000000000001,0.8,1.0,1.0,1.0,1.0,1.0,1.0,1.0,1.0,1.0,1.0,1.0
254,random,seeded,membrane,4,,,,,0.0,0.0,0.0,0.0,0.0,0.0,0.0,0.0,0.0,0.0,0.0,0.0,0.0,0.0,0.0,0.0,0.0,0.0,0.0,0.0,0.0,0.0,0.0,0.0,0.0,0.0,0.0,0.0,0.0,0.0,0.0,0.0,0.0,0.0,0.0,0.0,0.2,0.4,0.6000000000000001,0.8,1.0,1.0,1.0,1.0,1.0,1.0
255,random,seeded,vesicle,0,,,,,0.0,0.0,0.0,0.0,0.0,0.0,0.0,0.0,0.0,0.0,0.0,0.0,0.0,0.0,0.0,0.0,0.0,0.0,0.0,0.0,0.0,0.0,0.0,0.0,0.0,0.0,0.0,0.0,0.0,0.0,0.0,0.0,0.0,0.0,0.0,0.0,0.0,0.0,0.0,0.0,0.0,0.0,0.0,0.0,0.0,0.0
256,random,seeded,vesicle,1,,,,,0.0,0.0,0.0,0.0,0.0,0.0,0.0,0.0,0.0,0.0,0.0,0.0,0.0,0.0,0.0,0.0,0.0,0.0,0.0,0.0,0.0,0.2,0.4,0.6000000000000001,0.8,1.0,1.0,1.0,1.0,1.0,1.0,1.0,1.0,1.0,1.0,1.0,1.0,1.0,1.0,1.0,1.0,1.0,1.0,1.0,1.0,1.0
257,random,seeded,vesicle,2,,,,,0.0,0.0,0.0,0.0,0.0,0.0,0.0,0.0,0.0,0.0,0.0,0.0,0.0,0.0,0.0,0.0,0.0,0.0,0.0,0.0,0.0,0.0,0.0,0.0,0.0,0.0,0.0,0.0,0.0,0.0,0.0,0.0,0.0,0.0,0.0,0.0,0.0,0.0,0.0,0.0,0.0,0.0,0.0,0.0,0.0,0.0
258,random,seeded,vesicle,3,,,,,0.0,0.0,0.0,0.0,0.0,0.0,0.0,0.0,0.0,0.0,0.0,0.0,0.0,0.0,0.0,0.0,0.0,0.0,0.0,0.0,0.0,0.0,0.0,0.0,0.0,0.0,0.0,0.0,0.0,0.0,0.0,0.0,0.0,0.0,0.0,0.0,0.0,0.0,0.0,0.0,0.0,0.0,0.0,0.0,0.0,0.0
259,random,seeded,vesicle,4,,,,,0.0,0.0,0.0,0.0,0.0,0.0,0.0,0.0,0.0,0.0,0.0,0.0,0.0,0.0,0.0,0.0,0.0,0.0,0.0,0.0,0.0,0.0,0.0,0.0,0.0,0.0,0.0,0.0,0.0,0.0,0.0,0.0,0.0,0.0,0.0,0.0,0.0,0.0,0.0,0.0,0.0,0.0,0.0,0.0,0.0,0.0
260,random,seeded,wormlike micelle,0,,,,,0.0,0.0,0.0,0.0,0.0,0.0,0.0,0.0,0.0,0.0,0.0,0.0,0.0,0.0,0.0,0.0,0.0,0.0,0.0,0.0,0.0,0.0,0.0,0.0,0.0,0.0,0.0,0.0,0.0,0.0,0.0,0.0,0.0,0.0,0.0,0.0,0.0,0.0,0.0,0.0,0.0,0.0,0.0,0.0,0.0,0.0
261,random,seeded,wormlike micelle,1,,,,,0.0,0.0,0.0,0.0,0.0,0.0,0.0,0.0,0.0,0.0,0.0,0.0,0.0,0.0,0.0,0.0,0.0,0.0,0.0,0.0,0.0,0.0,0.0,0.0,0.0,0.0,0.0,0.0,0.0,0.0,0.0,0.0,0.0,0.0,0.0,0.0,0.0,0.0,0.0,0.0,0.0,0.0,0.0,0.0,0.0,0.0
262,random,seeded,wormlike micelle,2,,,,,0.0,0.0,0.0,0.0,0.0,0.0,0.0,0.0,0.0,0.0,0.0,0.0,0.0,0.0,0.0,0.0,0.0,0.0,0.0,0.0,0.0,0.0,0.0,0.0,0.0,0.0,0.0,0.0,0.0,0.0,0.0,0.0,0.0,0.0,0.0,0.0,0.0,0.0,0.0,0.0,0.0,0.0,0.0,0.0,0.0,0.0
263,random,seeded,wormlike micelle,3,,,,,0.0,0.0,0.0,0.0,0.0,0.0,0.0,0.0,0.0,0.0,0.0,0.0,0.0,0.0,0.0,0.0,0.0,0.0,0.0,0.0,0.0,0.0,0.0,0.0,0.0,0.0,0.0,0.0,0.0,0.0,0.0,0.0,0.0,0.0,0.0,0.0,0.0,0.0,0.0,0.0,0.0,0.0,0.0,0.0,0.0,0.0
264,random,seeded,wormlike micelle,4,,,,,0.0,0.0,0.0,0.0,0.0,0.0,0.0,0.0,0.0,0.0,0.0,0.2,0.4,0.6000000000000001,0.8,1.0,1.0,1.0,1.0,1.0,1.0,1.0,1.0,1.0,1.0,1.0,1.0,1.0,1.0,1.0,1.0,1.0,1.0,1.0,1.0,1.0,1.0,1.0,1.0,1.0,1.0,1.0,1.0,1.0,1.0,1.0
265,random,seeded,spherical micelle,0,,,,,0.0,0.0,0.0,0.0,0.0,0.0,0.0,0.0,0.0,0.0,0.0,0.0,0.0,0.0,0.0,0.0,0.0,0.0,0.0,0.0,0.0,0.0,0.0,0.0,0.0,0.0,0.0,0.0,0.0,0.0,0.0,0.0,0.0,0.0,0.0,0.0,0.0,0.0,0.0,0.0,0.0,0.0,0.0,0.0,0.0,0.0
266,random,seeded,spherical micelle,1,,,,,0.0,0.0,0.0,0.0,0.0,0.0,0.0,0.0,0.0,0.0,0.0,0.0,0.0,0.0,0.0,0.0,0.0,0.0,0.0,0.0,0.0,0.0,0.0,0.0,0.0,0.0,0.0,0.0,0.0,0.0,0.0,0.0,0.0,0.0,0.0,0.0,0.0,0.0,0.0,0.0,0.0,0.0,0.0,0.0,0.0,0.0
267,random,seeded,spherical micelle,2,,,,,0.0,0.0,0.0,0.0,0.0,0.0,0.0,0.0,0.0,0.0,0.0,0.0,0.0,0.0,0.0,0.0,0.0,0.0,0.0,0.0,0.0,0.0,0.0,0.0,0.0,0.0,0.0,0.0,0.0,0.0,0.0,0.0,0.0,0.0,0.0,0.0,0.0,0.0,0.0,0.0,0.0,0.0,0.0,0.0,0.0,0.0
268,random,seeded,spherical micelle,3,,,,,0.0,0.0,0.0,0.0,0.0,0.0,0.0,0.0,0.0,0.0,0.0,0.0,0.0,0.0,0.0,0.0,0.0,0.0,0.0,0.0,0.0,0.0,0.0,0.0,0.0,0.0,0.2,0.4,0.6000000000000001,0.8,1.0,1.0,1.0,1.0,1.0,1.0,1.0,1.0,1.0,1.0,1.0,1.0,1.0,1.0,1.0,1.0
269,random,seeded,spherical micelle,4,,,,,0.0,0.0,0.0,0.0,0.0,0.0,0.0,0.0,0.0,0.0,0.0,0.0,0.0,0.0,0.0,0.0,0.0,0.0,0.0,0.0,0.0,0.0,0.0,0.0,0.0,0.0,0.0,0.0,0.0,0.0,0.0,0.0,0.0,0.0,0.0,0.0,0.0,0.0,0.0,0.0,0.0,0.0,0.0,0.0,0.0,0.0
270,random,unseeded,liquid,0,,,,,0.0,0.0,0.0,0.0,0.0,0.0,0.0,0.0,0.0,0.0,0.0,0.0,0.0,0.0,0.0,0.0,0.0,0.0,0.0,0.0,0.0,0.0,0.0,0.0,0.0,0.0,0.0,0.0,0.0,0.0,0.0,0.0,0.0,0.0,0.0,0.0,0.0,0.0,0.0,0.0,0.0,0.0,0.0,0.0,0.0,0.0
271,random,unseeded,liquid,1,,,,,0.0,0.0,0.0,0.0,0.0,0.0,0.0,0.0,0.0,0.0,0.0,0.0,0.0,0.0,0.0,0.0,0.0,0.0,0.0,0.0,0.0,0.0,0.0,0.0,0.0,0.0,0.0,0.0,0.0,0.0,0.0,0.0,0.0,0.0,0.0,0.0,0.0,0.0,0.0,0.0,0.0,0.0,0.0,0.0,0.0,0.0
272,random,unseeded,liquid,2,,,,,0.0,0.0,0.0,0.0,0.0,0.0,0.0,0.0,0.0,0.0,0.0,0.0,0.0,0.0,0.0,0.0,0.0,0.0,0.0,0.0,0.0,0.2,0.4,0.6000000000000001,0.8,1.0,1.0,1.0,1.0,1.0,1.0,1.2,1.4,1.6,1.8,2.0,2.0,2.0,2.0,2.0,2.0,2.0,2.0,2.0,2.0,2.0
273,random,unseeded,liquid,3,,,,,0.0,0.0,0.0,0.0,0.0,0.0,0.0,0.0,0.0,0.0,0.0,0.0,0.0,0.0,0.0,0.0,0.0,0.0,0.0,0.0,0.0,0.0,0.0,0.0,0.0,0.0,0.0,0.0,0.0,0.0,0.0,0.0,0.0,0.0,0.0,0.0,0.0,0.0,0.0,0.0,0.0,0.0,0.0,0.0,0.0,0.0
274,random,unseeded,liquid,4,,,,,0.0,0.2,0.4,0.6000000000000001,0.8,1.0,1.0,1.0,1.0,1.0,1.0,1.2,1.4,1.6,1.8,2.0,2.0,2.0,2.0,2.0,2.0,2.0,2.0,2.0,2.0,2.0,2.0,2.0,2.0,2.0,2.0,2.0,2.0,2.0,2.0,2.0,2.0,2.0,2.0,2.0,2.0,2.0,2.0,2.0,2.0,2.0
275,random,unseeded,string,0,,,,,0.0,0.0,0.0,0.0,0.0,0.0,0.0,0.0,0.0,0.0,0.0,0.0,0.0,0.0,0.0,0.0,0.0,0.0,0.0,0.0,0.0,0.0,0.0,0.0,0.0,0.0,0.0,0.0,0.0,0.0,0.0,0.0,0.0,0.0,0.0,0.0,0.0,0.0,0.0,0.0,0.0,0.0,0.0,0.0,0.0,0.0
276,random,unseeded,string,1,,,,,0.0,0.0,0.0,0.0,0.0,0.0,0.0,0.0,0.0,0.0,0.0,0.0,0.0,0.0,0.0,0.0,0.0,0.0,0.0,0.0,0.0,0.0,0.0,0.0,0.0,0.0,0.0,0.0,0.0,0.0,0.0,0.0,0.0,0.0,0.0,0.0,0.0,0.0,0.0,0.0,0.0,0.0,0.0,0.0,0.0,0.0
277,random,unseeded,string,2,,,,,0.0,0.0,0.0,0.0,0.0,0.0,0.0,0.0,0.0,0.0,0.0,0.0,0.0,0.0,0.0,0.0,0.0,0.0,0.0,0.0,0.0,0.0,0.0,0.0,0.0,0.0,0.0,0.0,0.0,0.0,0.0,0.0,0.0,0.0,0.0,0.0,0.0,0.0,0.0,0.0,0.0,0.0,0.0,0.0,0.0,0.0
278,random,unseeded,string,3,,,,,0.0,0.0,0.0,0.0,0.0,0.0,0.0,0.0,0.0,0.0,0.0,0.0,0.0,0.0,0.0,0.0,0.2,0.4,0.6000000000000001,0.8,1.0,1.0,1.0,1.0,1.0,1.0,1.0,1.0,1.0,1.0,1.0,1.0,1.0,1.0,1.0,1.0,1.4,1.8,2.2,2.6,3.0,3.0,3.0,3.0,3.0,3.0
279,random,unseeded,string,4,,,,,0.0,0.0,0.0,0.0,0.0,0.0,0.0,0.0,0.0,0.0,0.0,0.0,0.0,0.0,0.0,0.0,0.0,0.0,0.0,0.0,0.0,0.2,0.4,0.6000000000000001,0.8,1.0,1.0,1.0,1.0,1.0,1.0,1.0,1.0,1.0,1.0,1.0,1.0,1.0,1.0,1.0,1.0,1.0,1.0,1.0,1.0,1.0
280,random,unseeded,membrane,0,,,,,0.0,0.0,0.0,0.0,0.0,0.0,0.0,0.0,0.0,0.0,0.0,0.0,0.0,0.0,0.0,0.0,0.0,0.0,0.0,0.0,0.0,0.0,0.0,0.0,0.0,0.0,0.0,0.0,0.0,0.0,0.0,0.0,0.0,0.0,0.0,0.0,0.0,0.0,0.0,0.0,0.0,0.0,0.0,0.0,0.0,0.0
281,random,unseeded,membrane,1,,,,,0.0,0.0,0.0,0.0,0.0,0.0,0.0,0.0,0.0,0.0,0.0,0.0,0.0,0.0,0.0,0.0,0.0,0.0,0.0,0.0,0.0,0.0,0.0,0.0,0.0,0.0,0.0,0.0,0.0,0.0,0.0,0.0,0.0,0.0,0.0,0.0,0.0,0.0,0.0,0.0,0.0,0.0,0.0,0.0,0.0,0.0
282,random,unseeded,membrane,2,,,,,0.0,0.0,0.0,0.0,0.0,0.0,0.0,0.0,0.0,0.0,0.0,0.0,0.0,0.0,0.0,0.0,0.0,0.0,0.0,0.0,0.0,0.0,0.0,0.0,0.0,0.0,0.0,0.0,0.0,0.0,0.0,0.0,0.0,0.0,0.0,0.0,0.0,0.0,0.0,0.0,0.0,0.0,0.0,0.0,0.0,0.0
283,random,unseeded,membrane,3,,,,,0.0,0.0,0.0,0.0,0.0,0.0,0.0,0.0,0.0,0.0,0.0,0.0,0.0,0.0,0.0,0.0,0.0,0.0,0.0,0.0,0.0,0.0,0.0,0.0,0.0,0.0,0.0,0.0,0.0,0.0,0.0,0.2,0.4,0.6000000000000001,0.8,1.0,1.0,1.0,1.0,1.0,1.0,1.0,1.0,1.0,1.0,1.0
284,random,unseeded,membrane,4,,,,,0.0,0.0,0.0,0.0,0.0,0.0,0.0,0.0,0.0,0.0,0.0,0.0,0.0,0.0,0.0,0.0,0.0,0.0,0.0,0.0,0.0,0.0,0.0,0.0,0.0,0.0,0.0,0.0,0.0,0.0,0.0,0.0,0.0,0.0,0.0,0.0,0.2,0.4,0.6000000000000001,0.8,1.0,1.0,1.0,1.0,1.0,1.0
285,random,unseeded,vesicle,0,,,,,0.0,0.0,0.0,0.0,0.0,0.0,0.0,0.0,0.0,0.0,0.0,0.0,0.0,0.0,0.0,0.0,0.0,0.0,0.0,0.0,0.0,0.0,0.0,0.0,0.0,0.0,0.0,0.0,0.0,0.0,0.0,0.0,0.0,0.0,0.0,0.0,0.0,0.0,0.0,0.0,0.0,0.0,0.0,0.0,0.0,0.0
286,random,unseeded,vesicle,1,,,,,0.0,0.0,0.0,0.0,0.0,0.0,0.0,0.0,0.0,0.0,0.0,0.0,0.0,0.0,0.0,0.0,0.0,0.0,0.0,0.0,0.0,0.2,0.4,0.6000000000000001,0.8,1.0,1.0,1.0,1.0,1.0,1.0,1.0,1.0,1.0,1.0,1.0,1.0,1.0,1.0,1.0,1.0,1.0,1.0,1.0,1.0,1.0
287,random,unseeded,vesicle,2,,,,,0.0,0.0,0.0,0.0,0.0,0.0,0.0,0.0,0.0,0.0,0.0,0.0,0.0,0.0,0.0,0.0,0.0,0.0,0.0,0.0,0.0,0.0,0.0,0.0,0.0,0.0,0.0,0.0,0.0,0.0,0.0,0.0,0.0,0.0,0.0,0.0,0.0,0.0,0.0,0.0,0.0,0.0,0.0,0.0,0.0,0.0
288,random,unseeded,vesicle,3,,,,,0.0,0.0,0.0,0.0,0.0,0.0,0.0,0.0,0.0,0.0,0.0,0.0,0.0,0.0,0.0,0.0,0.0,0.0,0.0,0.0,0.0,0.0,0.0,0.0,0.0,0.0,0.0,0.0,0.0,0.0,0.0,0.0,0.0,0.0,0.0,0.0,0.0,0.0,0.0,0.0,0.0,0.0,0.0,0.0,0.0,0.0
289,random,unseeded,vesicle,4,,,,,0.0,0.0,0.0,0.0,0.0,0.0,0.0,0.0,0.0,0.0,0.0,0.0,0.0,0.0,0.0,0.0,0.0,0.0,0.0,0.0,0.0,0.0,0.0,0.0,0.0,0.0,0.0,0.0,0.0,0.0,0.0,0.0,0.0,0.0,0.0,0.0,0.0,0.0,0.0,0.0,0.0,0.0,0.0,0.0,0.0,0.0
290,random,unseeded,wormlike micelle,0,,,,,0.0,0.0,0.0,0.0,0.0,0.0,0.0,0.0,0.0,0.0,0.0,0.0,0.0,0.0,0.0,0.0,0.0,0.0,0.0,0.0,0.0,0.0,0.0,0.0,0.0,0.0,0.0,0.0,0.0,0.0,0.0,0.0,0.0,0.0,0.0,0.0,0.0,0.0,0.0,0.0,0.0,0.0,0.0,0.0,0.0,0.0
291,random,unseeded,wormlike micelle,1,,,,,0.0,0.0,0.0,0.0,0.0,0.0,0.0,0.0,0.0,0.0,0.0,0.0,0.0,0.0,0.0,0.0,0.0,0.0,0.0,0.0,0.0,0.0,0.0,0.0,0.0,0.0,0.0,0.0,0.0,0.0,0.0,0.0,0.0,0.0,0.0,0.0,0.0,0.0,0.0,0.0,0.0,0.0,0.0,0.0,0.0,0.0
292,random,unseeded,wormlike micelle,2,,,,,0.0,0.0,0.0,0.0,0.0,0.0,0.0,0.0,0.0,0.0,0.0,0.0,0.0,0.0,0.0,0.0,0.0,0.0,0.0,0.0,0.0,0.0,0.0,0.0,0.0,0.0,0.0,0.0,0.0,0.0,0.0,0.0,0.0,0.0,0.0,0.0,0.0,0.0,0.0,0.0,0.0,0.0,0.0,0.0,0.0,0.0
293,random,unseeded,wormlike micelle,3,,,,,0.0,0.0,0.0,0.0,0.0,0.0,0.0,0.0,0.0,0.0,0.0,0.0,0.0,0.0,0.0,0.0,0.0,0.0,0.0,0.0,0.0,0.0,0.0,0.0,0.0,0.0,0.0,0.0,0.0,0.0,0.0,0.0,0.0,0.0,0.0,0.0,0.0,0.0,0.0,0.0,0.0,0.0,0.0,0.0,0.0,0.0
294,random,unseeded,wormlike micelle,4,,,,,0.0,0.0,0.0,0.0,0.0,0.0,0.0,0.0,0.0,0.0,0.0,0.2,0.4,0.6000000000000001,0.8,1.0,1.0,1.0,1.0,1.0,1.0,1.0,1.0,1.0,1.0,1.0,1.0,1.0,1.0,1.0,1.0,1.0,1.0,1.0,1.0,1.0,1.0,1.0,1.0,1.0,1.0,1.0,1.0,1.0,1.0,1.0
295,random,unseeded,spherical micelle,0,,,,,0.0,0.0,0.0,0.0,0.0,0.0,0.0,0.0,0.0,0.0,0.0,0.0,0.0,0.0,0.0,0.0,0.0,0.0,0.0,0.0,0.0,0.0,0.0,0.0,0.0,0.0,0.0,0.0,0.0,0.0,0.0,0.0,0.0,0.0,0.0,0.0,0.0,0.0,0.0,0.0,0.0,0.0,0.0,0.0,0.0,0.0
296,random,unseeded,spherical micelle,1,,,,,0.0,0.0,0.0,0.0,0.0,0.0,0.0,0.0,0.0,0.0,0.0,0.0,0.0,0.0,0.0,0.0,0.0,0.0,0.0,0.0,0.0,0.0,0.0,0.0,0.0,0.0,0.0,0.0,0.0,0.0,0.0,0.0,0.0,0.0,0.0,0.0,0.0,0.0,0.0,0.0,0.0,0.0,0.0,0.0,0.0,0.0
297,random,unseeded,spherical micelle,2,,,,,0.0,0.0,0.0,0.0,0.0,0.0,0.0,0.0,0.0,0.0,0.0,0.0,0.0,0.0,0.0,0.0,0.0,0.0,0.0,0.0,0.0,0.0,0.0,0.0,0.0,0.0,0.0,0.0,0.0,0.0,0.0,0.0,0.0,0.0,0.0,0.0,0.0,0.0,0.0,0.0,0.0,0.0,0.0,0.0,0.0,0.0
298,random,unseeded,spherical micelle,3,,,,,0.0,0.0,0.0,0.0,0.0,0.0,0.0,0.0,0.0,0.0,0.0,0.0,0.0,0.0,0.0,0.0,0.0,0.0,0.0,0.0,0.0,0.0,0.0,0.0,0.0,0.0,0.2,0.4,0.6000000000000001,0.8,1.0,1.0,1.0,1.0,1.0,1.0,1.0,1.0,1.0,1.0,1.0,1.0,1.0,1.0,1.0,1.0
299,random,unseeded,spherical micelle,4,,,,,0.0,0.0,0.0,0.0,0.0,0.0,0.0,0.0,0.0,0.0,0.0,0.0,0.0,0.0,0.0,0.0,0.0,0.0,0.0,0.0,0.0,0.0,0.0,0.0,0.0,0.0,0.0,0.0,0.0,0.0,0.0,0.0,0.0,0.0,0.0,0.0,0.0,0.0,0.0,0.0,0.0,0.0,0.0,0.0,0.0,0.0
